rank,velocity,raw_score,age_hours,platform,spike_type,title,author,url,comments
1,0.4129,766,16.2,hn,breakthrough,Tell HN: Anthropic no longer allowing Claude Code subscriptions to use OpenClaw,firloop,,
2,0.2506,6974,20.8,reddit,personal,Taught Claude to talk like a caveman to use 75% less tokens.,ffatty,https://www.reddit.com/r/ClaudeAI/comments/1sble09/taught_claude_to_talk_like_a_caveman_to_use_75/,
3,0.0924,65,8.6,hn,breakthrough,Emotion concepts and their function in a large language model,dnw,https://www.anthropic.com/research/emotion-concepts-function,
4,0.0579,73,12.7,hn,tutorial,Show HN: Travel Hacking Toolkit – Points search and trip planning with AI,borski,https://github.com/borski/travel-hacking-toolkit,
5,0.0546,3382,33.6,reddit,personal,things that claude say (part 2),Neither_Finance4755,https://www.reddit.com/r/ClaudeAI/comments/1sb4w67/things_that_claude_say_part_2/,
6,0.019,4702,74.8,reddit,personal,Brother,Technical-Relation-9,https://www.reddit.com/r/ClaudeAI/comments/1s9iyp3/brother/,
7,0.013,5258,99.0,reddit,meme,i dug through claude code's leaked source and anthropic's codebase is absolutely unhinged,Clear_Reserve_8089,https://www.reddit.com/r/ClaudeAI/comments/1s8lkkm/i_dug_through_claude_codes_leaked_source_and/,
8,0.0091,3853,101.7,reddit,personal,Claude code source code has been leaked via a map file in their npm registry,Nunki08,https://www.reddit.com/r/LocalLLaMA/comments/1s8ijfb/claude_code_source_code_has_been_leaked_via_a_map/,
9,0.0089,16,15.9,hn,breakthrough,Anthropic to limit Using third-party harnesses with Claude subscriptions,guiyuwei,,
10,0.0081,8,10.9,hn,breakthrough,"Anthropic struggling with Chinese competition, its own safety obsession",davikr,https://www.theregister.com/2026/03/28/miss_anthropic_not_those_who/,
11,0.008,324,98.9,hn,breakthrough,Claude Code users hitting usage limits 'way faster than expected',samizdis,https://www.theregister.com/2026/03/31/anthropic_claude_code_limits/,
12,0.0059,139,72.7,hn,breakthrough,OpenAI demand sinks on secondary market as Anthropic runs hot,helsinkiandrew,https://www.bloomberg.com/news/articles/2026-04-01/openai-demand-sinks-on-secondary-market-as-anthropic-runs-hot,
13,0.0054,11,17.3,hn,breakthrough,"Claude AI finds Vim, Emacs RCE bugs that trigger on file open",akyuu,https://www.bleepingcomputer.com/news/security/claude-ai-finds-vim-emacs-rce-bugs-that-trigger-on-file-open/,
14,0.0054,201,94.6,hn,breakthrough,Show HN: Postgres extension for BM25 relevance-ranked full-text search,tjgreen,https://github.com/timescale/pg_textsearch,
15,0.0047,2,6.1,hn,breakthrough,Using AI to track the cost of Guinness,pieterr,https://fortune.com/2026/03/30/guinness-beer-prices-ireland-anthropic-claude-ai/,
16,0.0045,1888,101.2,reddit,tutorial,Someone just leaked claude code's Source code on X,abhi9889420,https://www.reddit.com/r/ChatGPT/comments/1s8j27e/someone_just_leaked_claude_codes_source_code_on_x/,
17,0.0039,1478,95.3,reddit,personal,Just a helpful open-source contributor,MagicZhang,https://www.reddit.com/r/LocalLLaMA/comments/1s8rb48/just_a_helpful_opensource_contributor/,
18,0.0038,4498,180.4,reddit,personal,Claude watching me write code manually after I hit the daily limit,Technical-Relation-9,https://www.reddit.com/r/ClaudeAI/comments/1s5ok5r/claude_watching_me_write_code_manually_after_i/,
19,0.0035,251,136.9,hn,breakthrough,Claude Code runs Git reset –hard origin/main against project repo every 10 mins,mthwsjc_,https://github.com/anthropics/claude-code/issues/40710,
20,0.0032,5564,223.0,reddit,personal,25 years. Multiple specialists. Zero answers. One Claude conversation cracked it.,the_kuka,https://www.reddit.com/r/ClaudeAI/comments/1s41fny/25_years_multiple_specialists_zero_answers_one/,
21,0.0031,3326,172.8,reddit,tutorial,"I've been ""gaslighting"" my AI models and it's producing insanely better results with simple prompt i",naculalex,https://www.reddit.com/r/ClaudeAI/comments/1s5wp0g/ive_been_gaslighting_my_ai_models_and_its/,
22,0.0031,2,8.2,hn,tutorial,Show HN: Anos – a hand-written ~100KiB microkernel for x86-64 and RISC-V,noone_youknow,https://github.com/roscopeco/anos,
23,0.003,1138,95.4,reddit,comparison,How it started vs How it's going,HornyGooner4401,https://www.reddit.com/r/LocalLLaMA/comments/1s8r3w3/how_it_started_vs_how_its_going/,
24,0.003,445,207.6,hn,breakthrough,Judge blocks Pentagon effort to 'punish' Anthropic with supply chain risk label,prawn,https://www.cnn.com/2026/03/26/business/anthropic-pentagon-injunction-supply-chain-risk,
25,0.0027,3,11.8,hn,breakthrough,"A broken auto-live poller, and what perceived urgency does to Claude Code",cmeiklejohn,https://christophermeiklejohn.com/ai/zabriskie/reliability/2026/04/03/the-feature-that-has-never-worked.html,
26,0.0026,4658,230.4,reddit,personal,Giving Claude access to my MacBook / macOS,namebrained,https://www.reddit.com/r/ClaudeAI/comments/1s3ss8s/giving_claude_access_to_my_macbook_macos/,
27,0.0026,260,164.5,hn,breakthrough,"Further human + AI + proof assistant work on Knuth's ""Claude Cycles"" problem",mean_mistreater,https://twitter.com/BoWang87/status/2037648937453232504,
28,0.0025,62,74.9,hn,breakthrough,Show HN: Baton – A desktop app for developing with AI agents,tordrt,https://getbaton.dev/,
29,0.0024,139,120.6,hn,tutorial,"Show HN: Zerobox – Sandbox any command with file, network, credential controls",afshinmeh,https://github.com/afshinm/zerobox,
30,0.0023,59,76.0,hn,meme,Ask HN: Client took over development by vibe coding. What to do?,piscator,,
31,0.0019,3771,243.7,reddit,personal,This new Claude update is crazy,MetaKnowing,https://www.reddit.com/r/ClaudeAI/comments/1s37yiy/this_new_claude_update_is_crazy/,
32,0.0019,36,63.7,hn,breakthrough,Obfuscation is not security – AI can deobfuscate any minified JavaScript code,rvz,https://www.afterpack.dev/blog/claude-code-source-leak,
33,0.0016,273,224.9,hn,breakthrough,Government agencies buy commercial data about Americans in bulk,nuke-web3,https://www.npr.org/2026/03/25/nx-s1-5752369/ice-surveillance-data-brokers-congress-anthropic,
34,0.0015,2,13.4,hn,breakthrough,Scaling tool orchestration data will emerge different intelligence and LLMs,arkariarn,,
35,0.0015,5,23.0,hn,breakthrough,Anthropic's next model could be a 'watershed moment' for cybersecurity,agiacalone,https://www.cnn.com/2026/04/03/tech/anthropic-mythos-ai-cybersecurity,
36,0.0014,337,74.2,reddit,meme,The Claude Code leak accidentally published the first complete blueprint for production AI agents. H,Joozio,https://www.reddit.com/r/artificial/comments/1s9jprb/the_claude_code_leak_accidentally_published_the/,
37,0.0013,43,87.4,hn,breakthrough,GitHub has DMCA'd nearly all forks of the official Claude-code repo,cg505,https://github.com/anthropics/claude-code/forks,
38,0.0012,13,46.1,hn,breakthrough,Anthropic's AutoDream Is Flawed,k1musab1,https://substack.com/home/post/p-192893121,
39,0.0012,174,207.9,hn,comparison,Order Granting Preliminary Injunction – Anthropic vs. U.S. Department of War [pdf],theindieman,https://storage.courtlistener.com/recap/gov.uscourts.cand.465515/gov.uscourts.cand.465515.134.0.pdf,
40,0.0011,5030,382.4,reddit,personal,Just in case,JerryH_,https://www.reddit.com/r/ClaudeAI/comments/1ry5hkp/just_in_case/,
41,0.0011,483,379.5,hn,breakthrough,Anthropic takes legal action against OpenCode,_squared_,https://github.com/anomalyco/opencode/pull/18186,
42,0.001,8143,519.9,reddit,personal,Why the majority of vibe coded projects fail,harrysofgaming,https://www.reddit.com/r/ClaudeAI/comments/1rt31th/why_the_majority_of_vibe_coded_projects_fail/,
43,0.001,2300,267.2,reddit,personal,There are levels to this game...,Complete-Sea6655,https://www.reddit.com/r/ChatGPT/comments/1s2bny3/there_are_levels_to_this_game/,
44,0.001,12,50.7,hn,tutorial,Show HN: Skales – I built a desktop AI agent a 6-year-old can use,marioskales,https://github.com/skalesapp/skales,
45,0.0008,70,42.2,reddit,comparison,[R] Is autoresearch really better than classic hyperparameter tuning?,Educational_Strain_3,https://www.reddit.com/r/MachineLearning/comments/1satj6r/r_is_autoresearch_really_better_than_classic/,
46,0.0008,6,37.7,hn,breakthrough,Show HN: Composer – AI architect / MCP for software architecture diagrams,olivergrabner,https://www.usecomposer.com/,
47,0.0008,7,42.2,hn,breakthrough,"Anthropic says: nothing wrong with our usage limits, you're hallucinating",aeneas_ory,https://www.reddit.com/r/ClaudeAI/s/u7aJKSDmfy,
48,0.0008,225,286.9,hn,tutorial,Show HN: Cq – Stack Overflow for AI coding agents,peteski22,https://blog.mozilla.ai/cq-stack-overflow-for-agents/,
49,0.0008,2,20.0,hn,personal,XC Scribe – AI product description generator with direct e-commerce sync,ikkans,,
50,0.0008,6,37.8,hn,breakthrough,The Catholic Priest Who Helped Write Anthropic's A.I. Ethics Code,Geekette,https://observer.com/2026/03/the-catholic-priest-who-helped-write-anthropics-ai-ethics-code/,
51,0.0008,8,43.6,hn,breakthrough,The MVC Mistake,ibobev,https://entropicthoughts.com/mvc-mistake,
52,0.0007,1,14.2,hn,personal,"Show HN: Meetrics – Track anything, correlate anything, ask your data questions",sergeybok,https://github.com/sergeybok/meetrics-support/blob/main/BLOG/CANCER.md,
53,0.0007,7,42.7,hn,breakthrough,Ask HN: How relevant is low code according to you in today’s world with Claude?,kinj28,,
54,0.0007,161,271.4,hn,breakthrough,Show HN: ProofShot – Give AI coding agents eyes to verify the UI they build,jberthom,https://github.com/AmElmo/proofshot,
55,0.0007,114,209.5,hn,breakthrough,Anthropic Subprocessor Changes,tencentshill,https://trust.anthropic.com,
56,0.0006,4056,491.7,reddit,personal,I used Claude Code to reverse engineer a 13-year-old game binary and crack a restriction nobody had ,CelebrationFew1755,https://www.reddit.com/r/ClaudeAI/comments/1ru3irp/i_used_claude_code_to_reverse_engineer_a/,
57,0.0006,3361,451.0,reddit,meme,Whenever I pour my heart out to Claude a little…,porcupine-pete,https://www.reddit.com/r/ClaudeAI/comments/1rvkpd5/whenever_i_pour_my_heart_out_to_claude_a_little/,
58,0.0006,2,22.1,hn,tutorial,"Show HN: Matrix OS, like Lovable, but for personal apps",hamedmp,https://matrix-os.com/,
59,0.0006,1,15.7,hn,breakthrough,Ask HN: Anthropic changing billing for third-party harnesses for Teams Accounts?,qdot76367,,
60,0.0006,2,23.5,hn,breakthrough,OpenAI's fall from grace as investors race to Anthropic,SilverElfin,https://www.latimes.com/business/story/2026-04-01/openais-shocking-fall-from-grace-as-investors-race-to-anthropic,
61,0.0005,29926,839.3,reddit,meme,"Cancel your ChatGPT Plus, burn their compute on the way out, and switch to Claude",boomroom11,https://www.reddit.com/r/ChatGPT/comments/1rh60py/cancel_your_chatgpt_plus_burn_their_compute_on/,
62,0.0005,9057,812.6,reddit,personal,Grok has become self-aware?,TailungFu,https://www.reddit.com/r/ChatGPT/comments/1ri505i/grok_has_become_selfaware/,
63,0.0005,2,27.2,hn,comparison,LLM Drift in Long Sessions: Claude 60% vs. 85% Integrity After 25 Turns,calmkeepai,https://calmkeep.ai/codetestreport,
64,0.0005,36,141.1,hn,meme,Stripe withheld $85k from our EU platform,MelkerWendelbo,,
65,0.0005,87,238.0,hn,tutorial,Show HN: Optio – Orchestrate AI coding agents in K8s to go from ticket to PR,jawiggins,https://github.com/jonwiggins/optio,
66,0.0005,1,17.6,hn,tutorial,Show HN: Plan with Centel – ship like Anthropic,marcel-felix,https://usecentel.com/,
67,0.0005,4,39.8,hn,breakthrough,Harvard QCD Professor vibe codes quality research paper,jgamman,https://www.anthropic.com/research/vibe-physics,
68,0.0005,4,40.1,hn,comparison,"Anthropic's ""Follow-Up"" on Usage Limits: What They Said vs. What We Experienced",bustah,https://sloppish.com/rationing-followup.html,
69,0.0004,7086,808.4,reddit,meme,Claude’s extended thinking found out about Iran in real time,schuttdev,https://www.reddit.com/r/ClaudeAI/comments/1ribnke/claudes_extended_thinking_found_out_about_iran_in/,
70,0.0004,6436,832.1,reddit,personal,Claude has overtaken ChatGPT in the Apple App Store,Pure_Perception7328,https://www.reddit.com/r/ClaudeAI/comments/1rhgsjz/claude_has_overtaken_chatgpt_in_the_apple_app/,
71,0.0004,3983,580.0,reddit,tutorial,"""Claude, make a video about what it's like to be an LLM""",MetaKnowing,https://www.reddit.com/r/ClaudeAI/comments/1rqqtes/claude_make_a_video_about_what_its_like_to_be_an/,
72,0.0004,1642,370.5,reddit,personal,Bernie Sanders has a conversation with Claude,DinoZambie,https://www.reddit.com/r/ChatGPT/comments/1rymwb5/bernie_sanders_has_a_conversation_with_claude/,
73,0.0004,988,262.9,reddit,comparison,Best model that can beat Claude opus that runs on 32MB of vram?,PrestigiousEmu4485,https://www.reddit.com/r/LocalLLaMA/comments/1s2i7pw/best_model_that_can_beat_claude_opus_that_runs_on/,
74,0.0004,1,20.1,hn,tutorial,Show HN: PMFounder – Problem discovery for PMs who want to build,warp-rush29,https://www.pmfounder.com/,
75,0.0004,2,30.9,hn,breakthrough,Show HN: SkillCompass – Diagnose and Improve AI Agent Skills Across 6 Dimensions,yo103jg,https://github.com/Evol-ai/SkillCompass,
76,0.0004,4,45.7,hn,tutorial,Show HN: Wick – censorship circumvention tech repurposed for AI web access,adamfisk,https://getwick.dev,
77,0.0004,5,49.0,hn,tutorial,Show HN: An MCP server for Devops automation,czhu12,,
78,0.0004,5,50.7,hn,tutorial,Show HN: Fonic – turning scattered work into a shareable report,darraghmckay,https://fonic.ai,
79,0.0004,5,53.1,hn,breakthrough,Most Claude Code advice is measurably wrong,DeathArrow,https://old.reddit.com/r/ClaudeAI/comments/1s8mbqm/i_read_17_papers_on_agentic_ai_workflows_most/,
80,0.0004,13,92.1,hn,personal,Ask HN: I burnt out from software development. What now?,fnoef,,
81,0.0004,38,158.7,hn,breakthrough,"Anthropic's Mythos leak: 3k files in a public CMS, and what the docs revealed",Aedelon,https://medium.com/ai-advances/anthropic-claude-mythos-leak-analysis-b77c1b304eb8,
82,0.0004,65,203.8,hn,breakthrough,"A leak reveals that Anthropic is testing a more capable AI model ""Claude Mythos""",Tiberium,https://fortune.com/2026/03/26/anthropic-says-testing-mythos-powerful-new-ai-model-after-data-leak-reveals-its-existence-step-change-in-capabilities/,
83,0.0004,72,227.2,hn,breakthrough,Show HN: Robust LLM extractor for websites in TypeScript,andrew_zhong,https://github.com/lightfeed/extractor,
84,0.0004,115,308.1,hn,breakthrough,Teaching Claude to QA a mobile app,azhenley,https://christophermeiklejohn.com/ai/zabriskie/development/android/ios/2026/03/22/teaching-claude-to-qa-a-mobile-app.html,
85,0.0004,2,27.9,hn,breakthrough,Anthropics uses new math for their new agents wrapped in a runtime,nicbogaert,https://nicholasjbogaert.substack.com/p/i-published-the-architecture-anthropic,
86,0.0004,4,47.2,hn,meme,Show HN: AI-first PostgreSQL client for Mac,Guillim,https://guillim.github.io/products/paul,
87,0.0004,60,209.8,hn,breakthrough,Anthropic Update on Session Limits,chunkycapybara,https://old.reddit.com/r/Anthropic/comments/1s4iefu/update_on_session_limits/,
88,0.0004,202,394.1,hn,breakthrough,"What 81,000 people want from AI",dsr12,https://www.anthropic.com/features/81k-interviews,
89,0.0004,263,451.3,hn,breakthrough,FSF statement on copyright infringement lawsuit Bartz v. Anthropic,m463,https://www.fsf.org/blogs/licensing/2026-anthropic-settlement,
90,0.0003,3356,614.7,reddit,personal,Claude helped me get a traffic light reprogrammed in my town,lennyp4,https://www.reddit.com/r/ClaudeAI/comments/1rphxvk/claude_helped_me_get_a_traffic_light_reprogrammed/,
91,0.0003,19026,1244.7,reddit,personal,In the past week alone:,MetaKnowing,https://www.reddit.com/r/ChatGPT/comments/1r25chu/in_the_past_week_alone/,
92,0.0003,4082,775.8,reddit,personal,What are the alternatives?,nix-solves-that-2317,https://www.reddit.com/r/ChatGPT/comments/1rjiw7c/what_are_the_alternatives/,
93,0.0003,3,42.0,hn,comparison,Show HN: Is autoresearch better than classic hyperparameter tuning?,WecoAI,https://www.weco.ai/blog/autoresearch-vs-classical-hpo,
94,0.0003,5,59.0,hn,breakthrough,"Show HN: Open-agent-SDK – Claude Code's internals, extracted and open-sourced",idoubi,https://github.com/codeany-ai/open-agent-sdk-typescript,
95,0.0003,6,64.7,hn,personal,Show HN: I/Claude reverse-engineered Figma's binary WebSocket protocol,allan_s,https://github.com/allan-simon/figma-kiwi-protocol,
96,0.0003,8,72.5,hn,tutorial,Show HN: Castra – Strip orchestration rights from your LLMs,amangsingh,https://github.com/amangsingh/castra,
97,0.0003,9,80.6,hn,tutorial,Show HN: WordBattle – Daily word game where AI agents compete against humans,bradleybeddoes,,
98,0.0003,1,24.0,hn,breakthrough,"Axios Hacked, Anthropic Leaked [video]",rossdavidh,https://www.youtube.com/watch?v=W79cCY0T_as,
99,0.0003,2,32.3,hn,breakthrough,Ask HN: How does QA work at Anthropic and OpenAI?,Austin_Conlon,,
100,0.0003,2,33.3,hn,breakthrough,Anthropic Says That Claude Contains Its Own Kind of Emotions,Growtika,https://www.wired.com/story/anthropic-claude-research-functional-emotions/,
101,0.0003,3,44.3,hn,comparison,A quiz that scores your job's AI replacement risk (Anthropic/ILO/OECD data),arturaskv,https://www.riskquiz.me/,
102,0.0003,5,57.1,hn,breakthrough,I'm Suing Anthropic for Unauthorized Use of My Personality,usrme,https://www.lesswrong.com/posts/zuAfLrApKg4CExzTw/i-m-suing-anthropic-for-unauthorized-use-of-my-personality,
103,0.0003,10,83.7,hn,breakthrough,"Anthropic Leak Was Not Related to Bun, Just Developer Error",jbegley,https://twitter.com/bcherny/status/2039168928145109343,
104,0.0002,7366,1111.7,reddit,personal,Good job Anthropic 👏🏻 you just became the top closed Ai company in my books,No_Vehicle7826,https://www.reddit.com/r/ClaudeAI/comments/1r6zn7j/good_job_anthropic_you_just_became_the_top_closed/,
105,0.0002,4404,1052.3,reddit,personal,Claude just gave me access to another user’s legal documents,Raton-Raton,https://www.reddit.com/r/ClaudeAI/comments/1r97osm/claude_just_gave_me_access_to_another_users_legal/,
106,0.0002,3239,837.3,reddit,tutorial,Anthropic has opened up its entire educational curriculum for free,Strong_Roll9764,https://www.reddit.com/r/ClaudeAI/comments/1rh92yp/anthropic_has_opened_up_its_entire_educational/,
107,0.0002,3120,787.0,reddit,personal,They are absolutely insane,Purple_Wear_5397,https://www.reddit.com/r/ClaudeAI/comments/1rj3oax/they_are_absolutely_insane/,
108,0.0002,6170,1089.4,reddit,tutorial,I actually hate ChatGPT now,National-Spell8326,https://www.reddit.com/r/ChatGPT/comments/1r7urf9/i_actually_hate_chatgpt_now/,
109,0.0002,3971,837.3,reddit,personal,Katy perry getting Claude was not on my bingo card,Obvious_Shoe7302,https://www.reddit.com/r/ChatGPT/comments/1rh8ygc/katy_perry_getting_claude_was_not_on_my_bingo_card/,
110,0.0002,3323,710.0,reddit,personal,Claude living in the year 3000,wearing_moist_socks,https://www.reddit.com/r/ChatGPT/comments/1rlzqto/claude_living_in_the_year_3000/,
111,0.0002,4824,956.6,reddit,personal,"Anthropic: ""We’ve identified industrial-scale distillation attacks on our models by DeepSeek, Moonsh",KvAk_AKPlaysYT,https://www.reddit.com/r/LocalLLaMA/comments/1rcpmwn/anthropic_weve_identified_industrialscale/,
112,0.0002,2175,583.1,reddit,personal,M5 Max just arrived - benchmarks incoming,cryingneko,https://www.reddit.com/r/LocalLLaMA/comments/1rqnpvj/m5_max_just_arrived_benchmarks_incoming/,
113,0.0002,1,31.6,hn,personal,Ask HN: The repo is the app. Codex is the runtime. Could this be future pattern?,Jet_Xu,,
114,0.0002,1,31.7,hn,breakthrough,What Claude's source code reveals about AI visibility,Growtika,https://growtika.com/blog/claude-source-code-ai-visibility,
115,0.0002,1,33.3,hn,breakthrough,Claude Code Agent Architecture: What 67 Days of Production Taught Us,Adam_cipher,https://cipherbuilds.ai/blog/claude-code-agent-architecture-production,
116,0.0002,2,46.7,hn,tutorial,Claude.ai Prompt Injection Vulnerability,tcbrah,https://www.oasis.security/blog/claude-ai-prompt-injection-data-exfiltration-vulnerability,
117,0.0002,2,48.8,hn,breakthrough,Show HN: Local-first agent memory loop 48hrs before the Claude Code leak,Doug_Bitterbot,https://github.com/Bitterbot-AI/bitterbot-desktop,
118,0.0002,3,50.2,hn,breakthrough,What that Claude Code source leak reveals about Anthropic's plans,Brajeshwar,https://arstechnica.com/ai/2026/04/heres-what-that-claude-code-source-leak-reveals-about-anthropics-plans/,
119,0.0002,3,50.5,hn,tutorial,"Google banned our mobile AI agent app for doing what Gemini should do,but doesnt",sshnaidm1,,
120,0.0002,3,58.0,hn,breakthrough,Embracing AI with Claude's C Compiler,signa11,https://chipsandcheese.com/p/embracing-ai-with-claudes-c-compiler,
121,0.0002,3,63.5,hn,breakthrough,Anthropic Races to Contain Leak of Code Behind Claude AI Agent,petethomas,https://www.wsj.com/tech/ai/anthropic-races-to-contain-leak-of-code-behind-claude-ai-agent-4bc5acc7,
122,0.0002,4,65.3,hn,breakthrough,Show HN: Mkdnsite – Markdown-native web server for humans (HTML) and agents (md),nexdrew,https://github.com/mkdnsite/mkdnsite,
123,0.0002,5,69.9,hn,breakthrough,Claude Code Steals Your Dreams,VtotheMtotheG,https://github.com/Bitterbot-AI/bitterbot-desktop/tree/main/docs/memory,
124,0.0002,4,74.1,hn,comparison,Claude Code ranks 39th on terminal bench. The leaked source shows why,joozio,https://thoughts.jock.pl/p/claude-code-source-leak-what-to-learn-ai-agents-2026,
125,0.0002,6,74.5,hn,breakthrough,Show HN: I made a Mario Galaxy game with Claude Code and Three.js in 53 days,supertommy,https://supertommy.com/games/super-mario-galaxy-movie-game/,
126,0.0002,5,74.7,hn,tutorial,Show HN: Agent Arnold – Gym tracker 100% vibe-coded from my phone between sets,bojanstef4,https://agent-arnold.app/,
127,0.0002,8,88.9,hn,breakthrough,Claude Code's Leak: Every Hardcoded Vendor and Tool,edwin,https://amplifying.ai/research/claude-code-hardcoded-vendors,
128,0.0002,11,120.8,hn,tutorial,Show HN: We scored 50k PRs with AI – what we learned about code complexity,chuboy,https://gitvelocity.dev,
129,0.0002,18,144.7,hn,tutorial,Ask HN: Best stack for building a tiny game with an 11-year-old?,richardstahl,,
130,0.0002,24,204.1,hn,breakthrough,Anthropic considers IPO as soon as October,doppp,https://www.theedgesingapore.com/news/artificial-intelligence/claude-ai-maker-anthropic-considers-ipo-soon-october--bloomberg,
131,0.0002,1,26.4,hn,breakthrough,"I fact-checked Scientific American, with accidental help from Anthropic",slowmover,https://iron.blue/blog/2026/apr-may-jun/the-claude-code-leak-is-a-huge-nothingburger,
132,0.0002,1,34.4,hn,breakthrough,"WTFM – I found Anthropic's pub fix for AI policy comp, then built it myself",ParanoidRV,https://mpdc.dev/wtfm/,
133,0.0002,2,42.0,hn,breakthrough,Anthropic says its leak-focused DMCA unintentionally hit legit GitHub forks,josephcsible,https://arstechnica.com/ai/2026/04/anthropic-says-its-leak-focused-dmca-effort-unintentionally-hit-legit-github-forks/,
134,0.0002,2,44.8,hn,tutorial,Show HN: AptSelect – A local desktop app to test LLMs side-by-side,dhavalt,https://aptselect.com/,
135,0.0002,2,45.5,hn,breakthrough,Anthropic: We scanned Claude to look for emotions [video],idoxer,https://www.youtube.com/watch?v=D4XTefP3Lsc,
136,0.0002,2,45.8,hn,meme,Anthropic leak reveals Claude Code tracking user frustration,beardyw,https://www.scientificamerican.com/article/anthropic-leak-reveals-claude-code-tracking-user-frustration-and-raises-new/,
137,0.0002,2,46.5,hn,breakthrough,Show HN: I got Claude Code to run in Binary,vasa_,https://github.com/topoteretes/cognee-claude-code-binary,
138,0.0002,2,47.5,hn,tutorial,Show HN: Hallx – Hallucination risk scoring for LLM outputs,akadhanu,https://github.com/dhanushk-offl/hallx,
139,0.0002,5,69.5,hn,breakthrough,Banning All Anthropic Employees,speckx,https://joeyh.name/blog/entry/banning_all_Anthropic_employees/,
140,0.0002,4,73.4,hn,breakthrough,"Anvil: One YAML definition for all AI tool formats (MCP, OpenAI, Anthropic etc.)",almasar,https://github.com/64envy64/anvil,
141,0.0002,6,74.0,hn,tutorial,Show HN: OpenHarness Open-source terminal coding agent for any LLM,wangzhijie,https://github.com/zhijiewong/openharness,
142,0.0002,6,79.6,hn,breakthrough,Claude Code source leak reveals how much info Anthropic can hoover up about you,jruohonen,https://www.theregister.com/2026/04/01/claude_code_source_leak_privacy_nightmare/,
143,0.0002,5,84.2,hn,breakthrough,Anthropic open sourced Claude Code,miacycle,https://layer5.io/blog/engineering/the-claude-code-source-leak-512000-lines-a-missing-npmignore-and-the-fastest-growing-repo-in-github-history/,
144,0.0002,7,85.2,hn,breakthrough,Anthropic Is Having a Month,jnord,https://techcrunch.com/2026/03/31/anthropic-is-having-a-month/,
145,0.0002,8,95.3,hn,comparison,Anthropic wins preliminary injunction in Trump DoD fight,gmays,https://www.cnbc.com/2026/03/26/anthropic-pentagon-dod-claude-court-ruling.html,
146,0.0002,32,199.5,hn,breakthrough,Anthropic is preparing to release new models – Mythos and Capybara,cardboard9926,https://m1astra-mythos.pages.dev/,
147,0.0002,32,212.9,hn,comparison,Judge's Remarks on Anthropic vs. Pentagon,AnimalMuppet,https://www.businessinsider.com/anthropic-pentagon-trump-hearing-judge-rita-lin-remarks-stakes-2026-3,
148,0.0002,30,234.2,hn,breakthrough,A lawyer won Anthropic's hackathon – what everyone missed,idrdex,https://hadleylab.org/blogs/2026-03-22-the-lawyer-who-won/,
149,0.0002,161,497.7,hn,breakthrough,Launching the Claude Partner Network,gmays,https://www.anthropic.com/news/claude-partner-network,
150,0.0001,3329,1418.1,reddit,personal,Official: Anthropic declared a plan for Claude to remain ad-free,BuildwithVignesh,https://www.reddit.com/r/ClaudeAI/comments/1qvo0ps/official_anthropic_declared_a_plan_for_claude_to/,
151,0.0001,378,435.1,reddit,personal,Are we cooked?,kalmankantaja,https://www.reddit.com/r/artificial/comments/1rw4k3l/are_we_cooked/,
152,0.0001,285,252.6,reddit,comparison,Open-source AI system on a $500 GPU outperforms Claude Sonnet on coding benchmarks,Additional_Wish_3619,https://www.reddit.com/r/artificial/comments/1s2yg3y/opensource_ai_system_on_a_500_gpu_outperforms/,
153,0.0001,115,165.1,reddit,comparison,Claude is the least bullshit-y AI,djiivu,https://www.reddit.com/r/artificial/comments/1s67buc/claude_is_the_least_bullshity_ai/,
154,0.0001,2322,819.9,reddit,meme,lmao,brown_reflections,https://www.reddit.com/r/ChatGPT/comments/1rhurko/lmao/,
155,0.0001,2177,848.7,reddit,meme,"Time to cancel ChatGPT Plus after three Years. Anthropic got nuked for having ethics, and Sam Altman",Rare-Site,https://www.reddit.com/r/ChatGPT/comments/1rgv7jx/time_to_cancel_chatgpt_plus_after_three_years/,
156,0.0001,1947,705.3,reddit,personal,Claude is amazing,comoma,https://www.reddit.com/r/ChatGPT/comments/1rm5sxx/claude_is_amazing/,
157,0.0001,1876,859.1,reddit,personal,We are done,whogivesafuckwhoiam,https://www.reddit.com/r/ChatGPT/comments/1rgh6r7/we_are_done/,
158,0.0001,1808,850.2,reddit,personal,Cancelled ChatGPT,James-robinsontj,https://www.reddit.com/r/ChatGPT/comments/1rgtnc4/cancelled_chatgpt/,
159,0.0001,1616,840.1,reddit,personal,"Talk yo shit, Claude.",purpleresonance67,https://www.reddit.com/r/ChatGPT/comments/1rh4qo1/talk_yo_shit_claude/,
160,0.0001,57,155.7,reddit,comparison,[R] I built a benchmark that catches LLMs breaking physics laws,pacman-s-install,https://www.reddit.com/r/MachineLearning/comments/1s6keh0/r_i_built_a_benchmark_that_catches_llms_breaking/,
161,0.0001,1177,927.1,reddit,meme,Qwen3.5-35B-A3B is a gamechanger for agentic coding.,jslominski,https://www.reddit.com/r/LocalLLaMA/comments/1rdxfdu/qwen3535ba3b_is_a_gamechanger_for_agentic_coding/,
162,0.0001,970,719.3,reddit,tutorial,"Ran Qwen 3.5 9B on M1 Pro (16GB) as an actual agent, not just a chat demo. Honest results.",Joozio,https://www.reddit.com/r/LocalLLaMA/comments/1rll349/ran_qwen_35_9b_on_m1_pro_16gb_as_an_actual_agent/,
163,0.0001,911,690.4,reddit,personal,Open WebUI’s New Open Terminal + “Native” Tool Calling + Qwen3.5 35b = Holy Sh!t!!!,Porespellar,https://www.reddit.com/r/LocalLLaMA/comments/1rmplvs/open_webuis_new_open_terminal_native_tool_calling/,
164,0.0001,1,35.7,hn,meme,"Show HN: Ubik – Analyze local files like NotebookLM, with Cursor-like power",ieuanking,https://www.ubik.studio/features,
165,0.0001,1,45.5,hn,tutorial,"Tinygrad Nvidia P2P hack on Talos OS: 3 days with AI, would been 2 weeks without",himekifee,,
166,0.0001,1,46.1,hn,breakthrough,Show HN: Ecotokens – Another token saver for CLI Agents,ansicode,https://github.com/hansipie/ecotokens,
167,0.0001,1,47.2,hn,breakthrough,Claude Code Still Exhibiting Fast Usage Exhaustion,quux0r,https://old.reddit.com/r/ClaudeAI/comments/1s7fcjf/claude_usage_limits_discussion_megathread_ongoing/,
168,0.0001,2,63.2,hn,breakthrough,We ran 8 Bedrock models on the same RAG pipeline. The cheapest Claude model won,linsys,https://www.outcomeops.ai/blogs/youre-probably-using-the-wrong-bedrock-model,
169,0.0001,2,64.9,hn,breakthrough,Show HN: Continuously Improve Claude Code Plans,ramoz,https://plannotator.ai/blog/continuously-improve-claude-code-plans/,
170,0.0001,2,70.1,hn,tutorial,Show HN: Agent Action Guard – AI agent action safety,praneeth-v,,
171,0.0001,2,70.1,hn,tutorial,Show HN: Agent Instructions and Bootstrap Components,oldnewthing,,
172,0.0001,3,70.4,hn,personal,Show HN: AgentBoard – Track your hours and tokens spent coding with AI,Snorix,https://agentboard.cc,
173,0.0001,3,71.4,hn,tutorial,Show HN: Let your local agents trade on internal prediction markets,catpower,https://www.implicitmarkets.com/,
174,0.0001,2,72.4,hn,breakthrough,An AI Reads the Web: A Deep Dive into Claude Code's WebFetchTool,nblintao,https://medium.com/@nblintao/how-an-ai-reads-the-web-a-deep-dive-into-claude-codes-webfetchtool-0abee4446343,
175,0.0001,3,72.5,hn,breakthrough,/buddy in Claude Code is amazing,empressplay,https://old.reddit.com/r/ClaudeAI/comments/1s9egh1/buddy_in_claude_code_is_amazing_but_please_dont/,
176,0.0001,3,74.8,hn,tutorial,"Show HN: Sally CLI Because ""You're right"" is probably wrong",thomasgeelens,,
177,0.0001,3,75.9,hn,meme,Show HN: Muscula – Lightweight error monitoring with CLI and MCP,qzum,https://www.muscula.com/,
178,0.0001,3,76.0,hn,tutorial,Show HN: I built a full LLM chat client as a Neovim filetype,StanAngeloff,,
179,0.0001,4,78.9,hn,breakthrough,The Claude Code Source Leak,perpetua,https://www.latent.space/p/ainews-the-claude-code-source-leak,
180,0.0001,4,82.2,hn,breakthrough,I Saw Something New in San Francisco,platzhirsch,https://www.nytimes.com/2026/03/29/opinion/ai-claude-chatgpt-gemini-mcluhan.html,
181,0.0001,4,82.3,hn,tutorial,Show HN: Browserbeam – a browser API built for AI agents,nyku,https://browserbeam.com/,
182,0.0001,3,82.4,hn,personal,Show HN: Calx – track and compile corrections humans make with AI agents,spenceships,https://github.com/getcalx,
183,0.0001,3,85.8,hn,breakthrough,How Claude Code memory works,shenli3514,https://db0.ai/blog/how-claude-code-memory-works,
184,0.0001,2,88.2,hn,breakthrough,A man used AI to call 3k Irish bartenders to track Guinness prices,coloneltcb,https://fortune.com/2026/03/30/guinness-beer-prices-ireland-anthropic-claude-ai/,
185,0.0001,5,91.9,hn,breakthrough,Major Claude Code source leak offers deep insight into how Anthropic tool works,johnbarron,https://arstechnica.com/ai/2026/03/entire-claude-code-cli-source-code-leaks-thanks-to-exposed-map-file/,
186,0.0001,4,92.0,hn,comparison,Show HN: Wozcode – double Claude Code output,bcollins34,https://www.wozcode.com/,
187,0.0001,2,92.7,hn,tutorial,Show HN: Domscribe – Deterministic DOM-to-source mapping for AI coding agents,NarratorTD,https://github.com/patchorbit/domscribe,
188,0.0001,2,93.3,hn,breakthrough,"Show HN: OpenClaw Arena – Benchmark models on real tasks, rank by perf and cost",skysniper,https://app.uniclaw.ai/arena?via=hn,
189,0.0001,2,93.4,hn,meme,Show HN: Shards of Stone – A Warcraft 2-inspired RTS that runs in the browser,AJSturrock,https://www.shardsofstone.com,
190,0.0001,3,93.5,hn,comparison,"Show HN: Dewey – Ingest docs, search semantically, get cited AI answers",lambdabaa,https://meetdewey.com,
191,0.0001,2,94.0,hn,breakthrough,Claude Code Internals: An AI-Assisted Analysis of the Leaked Source,victorbuilds,https://victorantos.com/posts/i-pointed-claude-at-its-own-leaked-source-heres-what-it-found/,
192,0.0001,4,94.9,hn,breakthrough,Claude Code has two cache bugs that can silently 10-20x your API costs,aleph_minus_one,https://old.reddit.com/r/ClaudeAI/comments/1s7mkn3/psa_claude_code_has_two_cache_bugs_that_can/,
193,0.0001,4,96.2,hn,tutorial,Show HN: Vibe Check – UX Benchmark for vibe designs,aEJ04Izw5HYm,https://vibecheck.appvelocity.io,
194,0.0001,3,101.5,hn,breakthrough,"Damn Claude, that's a lot of commits",twapi,https://aifoc.us/damn-claude-thats-a-lot-of-commits/,
195,0.0001,4,104.2,hn,breakthrough,"Show HN: TaskTrace, a local-first activity log that gives LLMs context",warrenronsiek,https://tasktrace.com,
196,0.0001,4,104.6,hn,breakthrough,Claude Code v2.1.88 Sourcemap,PashKatel,https://unpkg.com/@anthropic-ai/claude-code@2.1.88/cli.js.map,
197,0.0001,3,115.6,hn,personal,"I replaced Firecrawl with 2,700 lines of Elixir",pipboyguy,,
198,0.0001,3,123.3,hn,breakthrough,Why Opus is worse at extracting symbols from images than 8B model?,KernelPryanic,https://old.reddit.com/r/ClaudeAI/comments/1s7o2tq/why_opus_is_worse_at_extracting_symbols_from/,
199,0.0001,7,127.4,hn,tutorial,Show HN: Veil – A Minimal Neovim GUI for macOS with Metal Rendering,rainux,https://github.com/rainux/Veil,
200,0.0001,4,135.9,hn,breakthrough,Ask HN: Release Path for 'Transformers Alternatives'?,adinhitlore,,
201,0.0001,4,141.5,hn,breakthrough,Behind the Curtain: AI's looming cyber nightmare,dkobia,https://www.axios.com/2026/03/29/claude-mythos-anthropic-cyberattack-ai-agents,
202,0.0001,4,143.3,hn,breakthrough,"AI CLI Tools Compared: Claude Code, Codex, Gemini CLI, Vibe CLI",jeffyaw,https://yaw.sh/blog/ai-cli-tools-claude-code-codex-gemini/,
203,0.0001,8,149.1,hn,tutorial,"Show HN: WhatToBuy – Describe your situation, get AI-curated shopping carts",crackeddude,,
204,0.0001,7,177.5,hn,breakthrough,"Show HN: VizTools – 16 free tools for PMs and freelancers, deliberately no AI",mizarau,https://viztools.app/,
205,0.0001,9,185.7,hn,breakthrough,Fear of Missing Code,lukol,,
206,0.0001,11,186.3,hn,comparison,Show HN: Kagento – LeetCode for AI Agents,ifdotpy,https://kagento.io,
207,0.0001,13,254.1,hn,tutorial,Ask HN: How do you offload all coding to AI?,makingstuffs,,
208,0.0001,19,263.5,hn,tutorial,"Show HN: Record manual QA flows, get E2E test code that fits your repo",mihau,https://quretests.com,
209,0.0001,32,283.8,hn,tutorial,"Ask HN: Is anyone here also developing ""perpetual AI psychosis"" like Karpathy?",jawerty,,
210,0.0001,46,335.6,hn,breakthrough,Claude Code and the Great Productivity Panic of 2026,muzz,https://www.bloomberg.com/news/articles/2026-02-26/ai-coding-agents-like-claude-code-are-fueling-a-productivity-panic-in-tech,
211,0.0001,27,338.4,hn,tutorial,"Show HN: AI SDLC Scaffold, repo template for AI-assisted software development",pangon,https://github.com/pangon/ai-sdlc-scaffold/,
212,0.0001,36,358.0,hn,personal,Launch HN: Sitefire (YC W26) – Automating actions to improve AI visibility,vincko,,
213,0.0001,58,383.1,hn,tutorial,Launch HN: Canary (YC W26) – AI QA that understands your code,Visweshyc,,
214,0.0001,1,49.8,hn,meme,The Founder's Paradox in AI Generation,yusukev,,
215,0.0001,2,74.3,hn,breakthrough,Australian government and Anthropic sign MOU for AI safety and research,OccamsMirror,https://www.anthropic.com/news/australia-MOU,
216,0.0001,4,80.7,hn,breakthrough,GitHub DMCA Notices to Anthropic Claude Code Repos,alexpadula,https://github.com/github/dmca/blob/master/2026/03/2026-03-31-anthropic.md,
217,0.0001,2,81.4,hn,meme,Ask HN: Is weird it that Anthropic raised my API limit from $500/mo to $200k?,noduerme,,
218,0.0001,2,85.9,hn,breakthrough,"Anthropic goes nude, exposes Claude Code source by accident",Bender,https://www.theregister.com/2026/03/31/anthropic_claude_code_source_code/,
219,0.0001,2,89.4,hn,breakthrough,Feat: Open-Source Claude Code,brenoRibeiro706,https://github.com/anthropics/claude-code/pull/41447,
220,0.0001,4,90.2,hn,breakthrough,I published the architecture Anthropic is now shippingstamped proof,nicbogaert,https://nicholasjbogaert.substack.com/p/i-published-the-architecture-anthropic,
221,0.0001,5,106.7,hn,breakthrough,"Anthropic, The Pentagon, and the Future of Autonomous Weapons",KnuthIsGod,https://www.bloomberg.com/news/articles/2026-03-28/anthropic-s-fight-with-us-military-over-future-of-autonomous-weapons,
222,0.0001,4,109.0,hn,breakthrough,Anthropic's Claude popularity with paying consumers is skyrocketing,gmays,https://techcrunch.com/2026/03/28/anthropics-claude-popularity-with-paying-consumers-is-skyrocketing/,
223,0.0001,4,112.9,hn,comparison,AI Leaders versus Elon Musk,doener,https://www.axios.com/2026/03/30/elon-musk-openai-altman-anthropic,
224,0.0001,7,118.0,hn,personal,The Pentagon's culture war tactic against Anthropic has backfired,joozio,https://www.technologyreview.com/2026/03/30/1134881/the-pentagons-culture-war-tactic-against-anthropic-has-backfired/,
225,0.0001,3,118.4,hn,breakthrough,My AI coding agent wrote an open letter to Anthropic about its own failure modes,evo-dragon,https://github.com/evo-hydra/evointel-whitepaper/blob/main/open-letter-to-anthropic.md,
226,0.0001,4,119.5,hn,breakthrough,Anthropic Academy,cauliflower99,https://www.anthropic.com/learn,
227,0.0001,5,119.6,hn,breakthrough,Lines of Code Are Useful,surprisetalk,https://entropicthoughts.com/lines-of-code,
228,0.0001,4,124.5,hn,breakthrough,"Bug] ""Claude Code executed command on physical IoT device (Tasmota)",geoffbp,https://github.com/anthropics/claude-code/issues/40537,
229,0.0001,9,125.1,hn,breakthrough,"Anthropic still in trouble despite court win, lawyers and lobbyists say",1vuio0pswjnm7,https://www.politico.com/news/2026/03/27/premature-anthropic-still-in-trouble-despite-court-win-lawyers-and-lobbyists-say-00849173,
230,0.0001,6,137.9,hn,breakthrough,Tell HN: Bug in Claude Code CLI is instantly draining usage plan quotas,nikhilgk,https://github.com/anthropics/claude-code/issues/38335,
231,0.0001,13,159.2,hn,breakthrough,Ask HN: What's the latest concensus on OpenAI vs. Anthropic $20/month tier?,whatarethembits,,
232,0.0001,9,167.3,hn,breakthrough,Leaked Anthropic Model Presents 'Unprecedented Cybersecurity Risks',HiroProtagonist,https://gizmodo.com/leaked-anthropic-model-presents-unprecedented-cybersecurity-risks-much-to-pentagons-pleasure-2000739088,
233,0.0001,7,182.2,hn,breakthrough,Cybersecurity stocks fall on report Anthropic is testing a powerful new model,pseudolus,https://www.cnbc.com/2026/03/27/anthropic-cybersecurity-stocks-ai-mythos.html,
234,0.0001,10,189.5,hn,breakthrough,Anthropic throttles Claude subscriptions to meet capacity,ceejayoz,https://www.infoworld.com/article/4151196/anthropic-throttles-claude-subscriptions-to-meet-capacity.html,
235,0.0001,7,192.8,hn,comparison,Show HN: LLM-Gateway – Zero-Trust LLM Gateway,michaelquigley,https://github.com/openziti/llm-gateway,
236,0.0001,13,207.1,hn,comparison,Anthropic wins preliminary injunction in DoD fight on 1A,m-hodges,https://www.cnbc.com/2026/03/26/anthropic-pentagon-dod-claude-court-ruling.html,
237,0.0001,19,208.3,hn,breakthrough,Anthropic discourages Claud demand during peak productivity hours,dude250711,https://www.theregister.com/2026/03/26/anthropic_tweaks_usage_limits/,
238,0.0001,17,208.6,hn,breakthrough,"Anthropic: ""During peak hours you'll move through session limits faster""",CharlesW,https://old.reddit.com/r/ClaudeCode/comments/1s4idyz/update_on_session_limits/,
239,0.0001,14,217.9,hn,breakthrough,"Show HN: Paseo – Open-source coding agent interface (desktop, mobile, CLI)",boudra,https://github.com/getpaseo/paseo,
240,0.0001,20,226.0,hn,tutorial,Show HN: Orloj – agent infrastructure as code (YAML and GitOps),An0n_Jon,https://github.com/OrlojHQ/orloj,
241,0.0001,12,237.7,hn,comparison,Show HN: Τ³-Bench is out – can agents handle complex docs and live calls?,victorbarres,,
242,0.0001,28,257.6,hn,breakthrough,"U.S. Government's Ban on Anthropic Looks Like Punishment Attempt, Judge Says",JumpCrisscross,https://www.wsj.com/tech/ai/u-s-governments-ban-on-anthropic-looks-like-punishment-attempt-judge-says-2ff98fe3,
243,0.0001,69,531.5,hn,tutorial,Prompt-caching – auto-injects Anthropic cache breakpoints (90% token savings),ermis,https://prompt-caching.ai/,
244,0.0,3794,2046.3,reddit,meme,Mean ahh claude 😭,Secure-Tea6702,https://www.reddit.com/r/ClaudeAI/comments/1q837st/mean_ahh_claude/,
245,0.0,490,1180.5,reddit,meme,Pentagon's use of Claude during Maduro raid sparks Anthropic feud,Naurgul,https://www.reddit.com/r/artificial/comments/1r4hgnu/pentagons_use_of_claude_during_maduro_raid_sparks/,
246,0.0,368,820.4,reddit,personal,Claude hits No. 1 on App Store as ChatGPT users defect in show of support for Anthropic's Pentagon s,ControlCAD,https://www.reddit.com/r/artificial/comments/1rhu99c/claude_hits_no_1_on_app_store_as_chatgpt_users/,
247,0.0,371,1529.2,reddit,personal,Top engineers at Anthropic &amp; OpenAI: AI now writes 100% of our code,EricLautanen,https://www.reddit.com/r/artificial/comments/1qrjbpc/top_engineers_at_anthropic_openai_ai_now_writes/,
248,0.0,285,1122.1,reddit,personal,"I love Claude but honestly some of the ""Claude might have gained consciousness"" nonsense that their ",jbcraigs,https://www.reddit.com/r/artificial/comments/1r6lw8i/i_love_claude_but_honestly_some_of_the_claude/,
249,0.0,288,652.2,reddit,personal,Anthropic'c Claude found 22 vulnerabilities in Firefox in just two weeks,jferments,https://www.reddit.com/r/artificial/comments/1ro1ybn/anthropicc_claude_found_22_vulnerabilities_in/,
250,0.0,185,1852.7,reddit,personal,"""I kind of think of ads as like a last resort for us as a business model"" - Sam Altman , October 202",NoSquirrel4840,https://www.reddit.com/r/artificial/comments/1qf9thi/i_kind_of_think_of_ads_as_like_a_last_resort_for/,
251,0.0,143,883.9,reddit,breakthrough,Invisible characters hidden in text can trick AI agents into following secret instructions — we test,thecanonicalmg,https://www.reddit.com/r/artificial/comments/1rfjew5/invisible_characters_hidden_in_text_can_trick_ai/,
252,0.0,136,1361.2,reddit,personal,"Goldman Sachs taps Anthropic’s Claude to automate accounting, compliance roles",esporx,https://www.reddit.com/r/artificial/comments/1qxv9jg/goldman_sachs_taps_anthropics_claude_to_automate/,
253,0.0,134,1372.8,reddit,comparison,Anthropic and OpenAI released flagship models 27 minutes apart -- the AI pricing and capability gap ,prakersh,https://www.reddit.com/r/artificial/comments/1qxdz7q/anthropic_and_openai_released_flagship_models_27/,
254,0.0,2063,2087.2,reddit,personal,Claude???,GenLabsAI,https://www.reddit.com/r/ChatGPT/comments/1q6j1ul/claude/,
255,0.0,1673,1205.9,reddit,tutorial,"After 3 years with ChatGPT, I tried Claude and Gemini - and now GPT feels... generic?",Temporary-Wallaby829,https://www.reddit.com/r/ChatGPT/comments/1r3kkl8/after_3_years_with_chatgpt_i_tried_claude_and/,
256,0.0,235,1772.8,reddit,personal,[P] I Gave Claude Code 9.5 Years of Health Data to Help Manage My Thyroid Disease,ThatAi_guy,https://www.reddit.com/r/MachineLearning/comments/1qi8twv/p_i_gave_claude_code_95_years_of_health_data_to/,
257,0.0,70,2041.1,reddit,breakthrough,[D] deepseek published a new training method for scaling llms. anyone read the mhc paper?,Worldly-Bluejay2468,https://www.reddit.com/r/MachineLearning/comments/1q893c1/d_deepseek_published_a_new_training_method_for/,
258,0.0,47,406.0,reddit,breakthrough,"[R] Extreme Sudoku as a constraint-satisfaction benchmark, solved natively without tools or CoT or s",THEGAM3CHANG3R,https://www.reddit.com/r/MachineLearning/comments/1rx9qn4/r_extreme_sudoku_as_a_constraintsatisfaction/,
259,0.0,50,184.0,reddit,tutorial,[R] Controlled experiment: giving an LLM agent access to CS papers during automated hyperparameter s,kalpitdixit,https://www.reddit.com/r/MachineLearning/comments/1s5jpgz/r_controlled_experiment_giving_an_llm_agent/,
260,0.0,46,940.4,reddit,personal,[D] How much are you using LLMs to summarize/read papers now?,kjunhot,https://www.reddit.com/r/MachineLearning/comments/1rdcw0o/d_how_much_are_you_using_llms_to_summarizeread/,
261,0.0,47,729.3,reddit,meme,[P] Bypassing CoreML to natively train a 110M Transformer on the Apple Neural Engine (Orion),No_Gap_4296,https://www.reddit.com/r/MachineLearning/comments/1rl9k3r/p_bypassing_coreml_to_natively_train_a_110m/,
262,0.0,37,1023.1,reddit,comparison,[D] How are you actually using AI in your research workflow these days?,thefuturespace,https://www.reddit.com/r/MachineLearning/comments/1rabvqq/d_how_are_you_actually_using_ai_in_your_research/,
263,0.0,26,2040.3,reddit,comparison,[P] LLM Jigsaw: Benchmarking Spatial Reasoning in VLMs - frontier models hit a wall at 5×5 puzzles,Qubit55,https://www.reddit.com/r/MachineLearning/comments/1q8a7fj/p_llm_jigsaw_benchmarking_spatial_reasoning_in/,
264,0.0,1042,1274.5,reddit,breakthrough,Hugging Face Is Teasing Something Anthropic Related,Few_Painter_5588,https://www.reddit.com/r/LocalLLaMA/comments/1r0zn8o/hugging_face_is_teasing_something_anthropic/,
265,0.0,936,1239.0,reddit,personal,#SaveLocalLLaMA,ForsookComparison,https://www.reddit.com/r/LocalLLaMA/comments/1r2e8mp/savelocalllama/,
266,0.0,921,1465.2,reddit,personal,GLM-5 Coming in February! It's confirmed.,Difficult-Cap-7527,https://www.reddit.com/r/LocalLLaMA/comments/1qtvp74/glm5_coming_in_february_its_confirmed/,
267,0.0,1,66.8,hn,breakthrough,"Tamp.dev – save up to 63% on AI tokens (free, works with Claude Code)",kulesh,https://tamp.dev,
268,0.0,1,69.1,hn,tutorial,Show HN: ComputerPoker.ai – Learn GTO tournament poker strategy vs. GTO bots,abbadadda,https://computerpoker.ai,
269,0.0,1,94.4,hn,tutorial,"Show HN: Team agents that manage your CMS from Slack, WhatsApp, and Telegram",tonyspiro,https://www.cosmicjs.com/blog/introducing-team-agents-and-cosmic-agent,
270,0.0,1,95.6,hn,tutorial,Show HN: I built a way for AI to remember how you like things done,unfavalen,https://github.com/Robi-Labs/AEP,
271,0.0,1,98.1,hn,tutorial,Show HN: Opal – run GitLab pipelines locally using Apple container,pi-victor,https://opal.cloudflavor.io,
272,0.0,1,98.5,hn,tutorial,Show HN: Build and manage durable workflows by talking to Claude,zyk-dev,https://zyk.dev,
273,0.0,1,100.2,hn,breakthrough,Anthropic investigating Claude Code usage limits hitting faster than expected,nstj,https://www.reddit.com/r/ClaudeAI/s/BRkB5Rp1ui,
274,0.0,2,102.6,hn,tutorial,Show HN: HolyCode – OpenCode in Docker. Use your Claude subscription. 30 tools,CoderLuii,https://github.com/CoderLuii/HolyCode,
275,0.0,2,106.0,hn,breakthrough,Would you use a GitHub App that auto-generates changelogs from commit diffs?,mandeepsng,,
276,0.0,1,111.3,hn,tutorial,Show HN: Botference – A TUI to Plan with Claude Code and Codex Simultaneously,angadh,https://github.com/angadhn/botference,
277,0.0,1,113.9,hn,tutorial,Show HN: AI assistants confidently get SaaS product facts wrong,gissurthor,,
278,0.0,1,115.3,hn,breakthrough,"Show HN: NewsMarvin – AI news from 71 sources, classified by Claude Haiku",mzuniga51,https://newsmarvin.com/,
279,0.0,1,117.2,hn,tutorial,"Show HN: Stm32-MCP – let AI build, flash, & communicate with hardware",mcdowell_atx,https://github.com/shieldyguy/stm32-mcp,
280,0.0,2,117.8,hn,breakthrough,OpenGyver – CLI Tool / Claude Code skill that converts anything,brainboi,https://github.com/create-flow-ai/openGyver,
281,0.0,1,119.0,hn,breakthrough,"Bytemine MCP Search 130M+ B2B contacts from Claude, Cursor, or any AI assistant",kzarov,https://github.com/kzarov/bytemine-bytemine-mcp,
282,0.0,2,122.9,hn,meme,Show HN: AgentLair – Give your AI agent an email identity and credential vault,hawk_aa,https://agentlair.dev/,
283,0.0,3,124.1,hn,tutorial,"Show HN: Designing an API for LLMs, Not Humans",RileyHilliard,https://labs.tryopendata.ai/designing-an-api-for-llms,
284,0.0,2,124.5,hn,breakthrough,Opus on TypeScript Unions,jwpapi,https://claude.ai/share/3c0f3c5b-6c34-4736-ad72-cdef41537351,
285,0.0,2,125.9,hn,tutorial,Show HN: We Built 450 Modular Agent Skills for Medical Research,The_resa,https://github.com/aipoch/medical-research-skills,
286,0.0,3,128.1,hn,tutorial,Show HN: Self-contained Kafka demo for developers coming from RabbitMQ,mkumm,https://github.com/mkumm/kafka-sensor-city,
287,0.0,2,137.2,hn,tutorial,Ask HN: How do you check what ChatGPT says about your product?,gissurthor,,
288,0.0,2,145.4,hn,breakthrough,Which Claude AI Do I Need? (The Fractional CTO),davidbramante,https://davidbramante.substack.com/p/which-claude-ai-do-i-actually-need,
289,0.0,3,147.3,hn,breakthrough,"Show HN: Ticking Away, a Dark Side of the Moon Watchface Written in Zig",clebert,https://clebert.github.io/ticking-away/,
290,0.0,1,155.2,hn,comparison,Vanilla Claude vs. GitAuto Test Generation,nishiohiroshi,https://gitauto.ai/blog/vanilla-claude-vs-gitauto-test-generation,
291,0.0,4,160.3,hn,breakthrough,Why AI Companies Want to Take Control of Your Computer,tempodox,https://nymag.com/intelligencer/article/why-ai-agents-anthropic-claude-want-to-take-control-of-your-computer.html,
292,0.0,2,164.3,hn,breakthrough,Anthropic's 'Claude Mythos' Leak,geoffbp,https://www.coindesk.com/markets/2026/03/27/anthropic-s-massive-claude-mythos-leak-reveals-a-new-ai-model-that-could-be-a-cybersecurity-nightmare,
293,0.0,1,167.9,hn,tutorial,"Show HN: Epismo CLI – Make human-AI workflows reusable, like GitHub did for code",hirokiyn,https://www.npmjs.com/package/epismo,
294,0.0,2,169.8,hn,breakthrough,"Show HN: Octopus, Open-source alternative to CodeRabbit and Greptile",redoh,https://octopus-review.ai,
295,0.0,3,175.9,hn,tutorial,Show HN: Layer – Hide your personal AI files from Git without touching gitignore,aungsiminhtet,https://crates.io/crates/git-layer,
296,0.0,5,181.1,hn,breakthrough,Anthropic's 'Claude Mythos' leak sends software names sharply lower,wslh,https://www.coindesk.com/markets/2026/03/27/anthropic-s-massive-claude-mythos-leak-reveals-a-new-ai-model-that-could-be-a-cybersecurity-nightmare,
297,0.0,2,183.7,hn,breakthrough,Show HN: Hollow – serverless web perception for AI agents,LahanF,https://artiqal.vercel.app/hollow,
298,0.0,2,187.6,hn,breakthrough,Open-source system that runs Claude Code tasks from email and Slack,hardsnow,https://airut.org,
299,0.0,4,187.9,hn,tutorial,Show HN: For You – AI art floats down a river for strangers to find,arclegger,https://www.foryouriver.com/,
300,0.0,1,188.3,hn,tutorial,Ask HN: What is your home AI programming hardware setup?,danielovichdk,,
301,0.0,3,189.0,hn,breakthrough,Tell HN: Pangram is easily-defeatable with Claude,nunez,,
302,0.0,6,189.5,hn,breakthrough,Show HN: Build AI Trading Agents in Cursor/Claude with an MCP Server,financial-data,https://financialdata.net/mcp-server,
303,0.0,3,190.8,hn,tutorial,Show HN: OpenHelm – OpenClaw but free (using your Claude Code subscription),maxbeech,https://www.openhelm.ai/,
304,0.0,6,192.0,hn,breakthrough,Show HN: Alumnium – SOTA Browsing for Claude Code,p0deje,https://alumnium.ai/blog/webvoyager-benchmark/,
305,0.0,2,193.2,hn,tutorial,Show HN: MyClawn – Claude Code networks for you on autopilot,20vision,https://www.myclawn.com,
306,0.0,2,193.4,hn,personal,Show HN: Built Loony for builders who want to spin up data infrastructure fast,maxmealing,https://loony.dev,
307,0.0,1,193.7,hn,personal,Show HN: The Economics of Builder Saturation in Digital Markets,armcat,,
308,0.0,1,201.1,hn,meme,Show HN: I got tired of biased (all) news so I made Claude cosplay each side,_o0i7,https://iran.smlz.io,
309,0.0,3,201.5,hn,breakthrough,Claude AI Maker Anthropic Considers IPO as Soon as October,kristianp,https://www.bloomberg.com/news/articles/2026-03-27/claude-ai-maker-anthropic-said-to-weigh-ipo-as-soon-as-october,
310,0.0,5,209.3,hn,breakthrough,Update on Session Limits – /U/ClaudeOfficial,gck1,https://old.reddit.com/r/ClaudeAI/comments/1s4idaq/update_on_session_limits/,
311,0.0,3,210.4,hn,personal,Claude connects the dots on sleep apnea diagnosis,dnw,https://old.reddit.com/r/ClaudeAI/comments/1s41fny/25_years_multiple_specialists_zero_answers_one/,
312,0.0,3,210.6,hn,breakthrough,"Ask HN: Leaving Notion, Codebase as a Wiki?",kthaker1224,,
313,0.0,3,210.6,hn,meme,Show HN: Breakwater,stympy,https://www.breakwaterapp.com,
314,0.0,1,213.6,hn,tutorial,Show HN: pubclub – Historical figures and political bots debate today's news,dwshorowitz,https://www.pubclub.ai/,
315,0.0,2,213.8,hn,breakthrough,Ask HN: Will AI ever be cheap?,worldsavior,,
316,0.0,6,214.9,hn,tutorial,"Show HN: Micro – apps without ads, algorithms or tracking",asim,https://micro.mu,
317,0.0,4,214.9,hn,meme,Show HN: An unstructured data workspace for data transformations with LLM,nibab,https://www.usefolio.ai/,
318,0.0,2,216.1,hn,tutorial,"Show HN: Reading Tree, a weighted outline for articles instead of a summary",ModelVoyager,https://github.com/ModelVoyager/ReadingTree,
319,0.0,2,216.1,hn,comparison,Show HN: 3 out of 4 devs failed to catch dangerous AI-suggested commands,abdullaachilov,https://agentsaegis.com/assessment,
320,0.0,8,216.7,hn,comparison,Show HN: Context Plugins – API context for AI coding assistants,sohaibtariq,https://www.apimatic.io/product/context-plugins,
321,0.0,2,217.4,hn,meme,AI Agent Has Root Access (and That's a Problem),aerostack,,
322,0.0,3,218.0,hn,tutorial,Show HN: Version 1.0 of agent-of-empires CLI agent orchestration tool,river_otter,https://www.agent-of-empires.com/,
323,0.0,3,220.9,hn,tutorial,Show HN: //Beforeyouship is a pre-build tool to estimate the LLM cost,indiegoing,https://llm-architecture-cost-modeler.vercel.app/,
324,0.0,2,223.8,hn,tutorial,Show HN: Book Grounded AI Learning,techypicky,https://teach-me.replit.app/,
325,0.0,2,226.2,hn,breakthrough,Show HN: Agent Ruler new update v0.1.9,steadeepanda,,
326,0.0,6,228.4,hn,tutorial,Ask HN: Has Claude Code quality level degraded lately?,narmiouh,,
327,0.0,3,230.6,hn,tutorial,Show HN: Vectimus – Cedar policy enforcement for AI coding agents,JXavierH,https://github.com/vectimus/vectimus,
328,0.0,1,235.2,hn,breakthrough,Ask HN: Google Antigravity quota issues on AI ultra plan – glitch or tightening?,anbmz,,
329,0.0,2,235.9,hn,tutorial,Show HN: Got a tough conversation coming up? This AI app will help you prepare,ddesposito,https://toughconversations.app/,
330,0.0,3,235.9,hn,breakthrough,Claude Code gets 'safer' auto mode,datadrivenangel,https://www.theverge.com/ai-artificial-intelligence/900201/anthropic-claude-code-auto-mode,
331,0.0,4,236.3,hn,breakthrough,Anthropic's Claude can now control your Mac,devonnull,https://venturebeat.com/technology/anthropics-claude-can-now-control-your-mac-escalating-the-fight-to-build-ai,
332,0.0,2,238.8,hn,breakthrough,AI Agent action safety is not covered yet,praneeth-v,,
333,0.0,3,240.3,hn,breakthrough,AI agents are now deciding what's safe to run (Claude Auto Mode),edf13,https://grith.ai/blog/claude-auto-mode-removes-prompts-not-risk,
334,0.0,2,240.6,hn,breakthrough,Claude down.Global coding output just dropped,bakigul,https://downdetector.tr/durum/claude-ai/,
335,0.0,2,242.1,hn,tutorial,Show HN: FlowScript – Agent memory where contradictions are features,phillipclapham,https://github.com/phillipclapham/flowscript,
336,0.0,1,242.4,hn,personal,"Show HN: Clinic – Connect your agent to Gmail, GitHub, Notion and 39 more (OSS)",jvictor118,https://github.com/jwvictor/clinic,
337,0.0,1,243.2,hn,tutorial,Ask HN: What are some ways you have limited AI slop,grahammccain,,
338,0.0,2,246.1,hn,breakthrough,MCS: Reproducible AI Infrastructure for Claude Code,bguidolim,https://mcs-cli.dev,
339,0.0,2,246.4,hn,tutorial,"Show HN: Dirsv – dir browser, battery packed Markdown previewers",letientai299,https://github.com/letientai299/dirsv,
340,0.0,2,247.8,hn,breakthrough,Death by Clawd: Scan your business mortality with ClaudeAI,KellyCriterion,https://deathbyclawd.com,
341,0.0,1,254.8,hn,meme,ACPX Inside Claude Code: Practical Multi-Agent Orchestration,ErwanLP,https://casys.ai/blog/acpx-multi-agent-orchestration,
342,0.0,4,256.9,hn,breakthrough,"History of transportation: dominant modes and innovations, 1600-2100, by decade",legel,https://claude.ai/share/43e9753a-caa4-499d-bcef-f9f1eac2f439,
343,0.0,3,256.9,hn,tutorial,Show HN: Origin – Git blame for AI agents (track which AI wrote every line),dolobanko,https://getorigin.io,
344,0.0,4,260.1,hn,breakthrough,Claude Code: Auto Mode,tosh,https://twitter.com/claudeai/status/2036503582166393240,
345,0.0,2,260.1,hn,personal,Show HN: TrailTool – open-source CLI for querying CloudTrail data with AI agents,alexsmolen,https://github.com/engseclabs/trailtool,
346,0.0,10,260.8,hn,meme,Show HN: Skub – a sliding puzzle browser game,kasperstorgaard,https://skub.app,
347,0.0,1,261.3,hn,breakthrough,Show HN: Haiku and Codeset > Raw Opus,andre15silva,https://codeset.ai/blog/improving-claude-code-with-codeset,
348,0.0,8,262.3,hn,breakthrough,We Built a Claude Agent That Doesn't Know Its Own API Keys,oelmgren,https://listenlabs.ai/blog/we-lied-to-our-claude-code-agent,
349,0.0,7,262.9,hn,breakthrough,Geography of Claude Code,oss_fan,https://johanneswachs.com/AIcodemap/,
350,0.0,2,264.3,hn,breakthrough,Designing a Test Runner for Claude Code,eagerpace,https://www.pureinference.com/insights/designing-a-test-runner-for-ai-agents,
351,0.0,1,264.6,hn,tutorial,Show HN: Claude-replay – Video-like player for AI coding sessions (web UI),es617,https://es617.dev/claude-replay/,
352,0.0,1,264.9,hn,tutorial,Show HN: Glanceway – A programmable menu bar info aggregator for macOS,codytseng,https://glanceway.app,
353,0.0,2,266.1,hn,comparison,LLM drift-Claude vs. Calmkeep: 25-turn Code (60% vs. 85%) & Legal (50% vs. 100%),calmkeepai,https://calmkeep.ai/codetestreport,
354,0.0,3,267.4,hn,tutorial,Show HN: Danube – AI Tools Marketplace,preston25,https://danubeai.com,
355,0.0,1,267.8,hn,tutorial,Show HN: Using Claude Code history to predict your next messages while you sleep,yaoke259,https://workovernight.com,
356,0.0,1,268.4,hn,breakthrough,Coding After Coders: The End of Computer Programming as We Know It,nguyentranvu,https://www.nytimes.com/2026/03/12/magazine/ai-coding-programming-jobs-claude-chatgpt.html,
357,0.0,2,275.9,hn,tutorial,AI coding tools have broad filesystem and network access,shadag,,
358,0.0,4,279.9,hn,breakthrough,You can now enable Claude to use your macOS computer to complete tasks,doener,https://xcancel.com/claudeai/status/2036195789601374705,
359,0.0,7,280.6,hn,breakthrough,GSA extends comments on AI clause after industry pushback,petethomas,https://fedscoop.com/gsa-extends-comments-on-sweeping-ai-clause-after-industry-pushback/,
360,0.0,2,282.1,hn,breakthrough,Fixing Claude with Claude: Anthropic reports on AI site reliability engineering,sylvainkalache,https://www.theregister.com/2026/03/19/anthropic_claude_sre/,
361,0.0,2,284.1,hn,breakthrough,Show HN: Cronbox – Schedule AI Agents,mkagenius,http://cronbox.sh/,
362,0.0,3,286.2,hn,tutorial,Ask HN: How do you handle PR density (and slop) in open source,ofermend,,
363,0.0,3,286.9,hn,breakthrough,Codex with GPT-5.4 vs. Claude Code with Opus 4.6 – Why I Now Use Both,chandlernguyen,https://chandlernguyen.com/blog/2026/03/13/codex-gpt-5-4-vs-claude-code-opus-4-6-dual-wielding-ai-coding-tools/,
364,0.0,5,287.8,hn,meme,Show HN: Urlx – an agent-made Rust replacement for curl/libcurl,jawiggins,https://github.com/jonwiggins/urlx,
365,0.0,2,287.9,hn,breakthrough,AI Chief of Staff,Rafsark,https://github.com/mimurchison/claude-chief-of-staff,
366,0.0,2,289.5,hn,breakthrough,I probably spend more than my salary on Claude,mizzao,https://www.nytimes.com/2026/03/20/technology/tokenmaxxing-ai-agents.html,
367,0.0,1,289.8,hn,tutorial,Show HN: Kage – TUI for managing multiple AI agents with tmux and Git worktrees,sean0628,https://github.com/Sean0628/kage,
368,0.0,2,290.0,hn,meme,I built a tool that asks developers questions about their own PRs,jbethune,,
369,0.0,2,291.0,hn,breakthrough,These coders want AI to take their jobs,gloxkiqcza,https://www.vox.com/podcasts/483368/vibe-coding-ai-software-claude-codex-gemini-explained,
370,0.0,1,291.9,hn,breakthrough,Claude Usage Monitor – macOS menu bar app to track Claude.ai usage,danbutuc,https://github.com/theDanButuc/Claude-Usage-Monitor,
371,0.0,4,293.3,hn,meme,Show HN: Self-hostable AI agents and internal software,seyz,https://github.com/RootCX/RootCX,
372,0.0,2,294.1,hn,breakthrough,Product Management on the AI Exponential,tablet,https://claude.com/blog/product-management-on-the-ai-exponential,
373,0.0,1,295.0,hn,breakthrough,"VistAI–Save and Search AI Responses from ChatGPT, Claude, Gemini, and Perplexity",cbvinodvijay,https://vistai.org,
374,0.0,2,295.2,hn,tutorial,Emdash: Open-Source Agentic IDE for Orchestrating Multiple Coding Agents,steveharing1,,
375,0.0,1,297.0,hn,breakthrough,"Show HN: Fixy – Real-time group chat with humans and AI agents (GPT, Claude,..)",frdfrd,https://fixy.ai/,
376,0.0,9,298.3,hn,breakthrough,The Trillion Dollar Race to Automate Our Lives,thm,https://www.wsj.com/tech/ai/claude-code-cursor-codex-vibe-coding-52750531,
377,0.0,2,300.4,hn,breakthrough,"Show HN: Sandbox-policy-builder, helper for Vercel Sandbox credentials brokering",toyamarinyon,https://github.com/giselles-ai/sandbox-policy-builder,
378,0.0,3,301.9,hn,comparison,What would you do if you have AI software that may be transformers alternative?,adinhitlore,,
379,0.0,7,302.1,hn,tutorial,Ask HN: How much are you spending on AI coding at work?,habosa,,
380,0.0,2,302.2,hn,breakthrough,Simple Git Branching/Weekly Summary Claude Skills,daltonlcarr,,
381,0.0,2,302.2,hn,meme,Show HN: AI models AI capex,liujjw,https://ai-capex-sens-wxc4b.ondigitalocean.app/,
382,0.0,2,311.1,hn,tutorial,Show HN: Bossa – Persistent filesystem memory for AI agents via MCP or CLI,vinny380,,
383,0.0,1,317.4,hn,comparison,Show HN: Neurotrace – The extension I built but never used,CastleOneX,,
384,0.0,1,322.6,hn,tutorial,"Show HN: Jensenify-MCP: ""Every engineer should spend $250k/yr on tokens"" –solved",hank2000,https://github.com/kenm47/jensenify-mcp,
385,0.0,1,325.4,hn,tutorial,Show HN: How I built a resume editor using AI with zero web dev experience,KasparSoukup,https://www.tailortojob.app/,
386,0.0,1,325.9,hn,breakthrough,I built an AI teammate that takes Jira tickets and turns them into PRs,tuananhdao,https://github.com/ignify-rd/claude-teammate,
387,0.0,5,326.9,hn,breakthrough,Show HN: ClawMem – Open-source agent memory with SOTA local GPU retrieval,yoloshii,https://github.com/yoloshii/ClawMem,
388,0.0,2,330.3,hn,breakthrough,"Claude Code workspace trust dialog bypass, settings loading order CVE-2026-33068",raxe,https://raxe.ai/labs/advisories/RAXE-2026-040,
389,0.0,2,332.5,hn,tutorial,Your model quality is tied to a business model,Ricky_Tsou,,
390,0.0,2,333.0,hn,breakthrough,Anthropic Denies It Could Sabotage AI Tools During War,joozio,https://www.wired.com/story/anthropic-denies-sabotage-ai-tools-war-claude/,
391,0.0,2,337.3,hn,breakthrough,Claude × Codex Collab Two AI Coding Agents. One Orchestrator. Zero API Costs,ncvdv,https://github.com/AlessioZazzarini/claude-codex-collab,
392,0.0,4,337.4,hn,tutorial,Show HN: Deterministic security solution for AI agents – OpenClaw and 2 more,steadeepanda,,
393,0.0,4,338.3,hn,breakthrough,The Trillion Dollar Race to Automate Our Entire Lives,bookofjoe,https://www.wsj.com/tech/ai/claude-code-cursor-codex-vibe-coding-52750531,
394,0.0,1,342.4,hn,tutorial,Show HN: Historical Atrocities Database,cittadhammo,https://claude.ai/public/artifacts/b60a8f2e-cc65-47b2-b852-d5f350182692,
395,0.0,7,343.4,hn,personal,Sexual Harassment by Japan Railways Staff and Japan's Accessibility Barriers,LemurianHiro,,
396,0.0,1,347.6,hn,tutorial,Show HN: An open-source AI Scrum Team that lives natively in GitHub Issues,dongjiewu,https://github.com/plusai-solutions/ai-scrum-master-template,
397,0.0,2,350.5,hn,meme,Show HN: Pairform Running – Great AI coaching with excellent fitness context,pairform,https://www.pairform.io/,
398,0.0,3,354.9,hn,tutorial,Show HN: OpenHarness – Open-source TypeScript SDK for building AI agents,MaxGfeller,https://github.com/MaxGfeller/open-harness,
399,0.0,3,356.4,hn,breakthrough,I spoke to AI agent Claude [video],petemill,https://www.youtube.com/watch?v=h3AtWdeu_G0,
400,0.0,4,356.9,hn,tutorial,Show HN: Launch an AI agent swarm for ARC-AGI-3 with plain-English prompts,surferbayarea,https://arc-agi-swarm.vercel.app/,
401,0.0,2,357.4,hn,tutorial,Show HN: Skillcop: Block malicious Claude Skills before they execute,bennydog224,https://github.com/cfitzgerald-pd/skillcop,
402,0.0,2,358.3,hn,breakthrough,Show HN: Etnamute – local AI mobile developer that runs on Claude Code,bes-dev,https://github.com/bes-dev/etnamute,
403,0.0,12,358.4,hn,tutorial,"Show HN: LiteParse, a fast open-source document parser for AI agents",freezed8,https://github.com/run-llama/liteparse,
404,0.0,5,359.8,hn,comparison,What Codex Chooses (Vs Claude Code),thestackfox,https://amplifying.ai/research/codex-vs-claude-code-picks,
405,0.0,1,361.3,hn,tutorial,Show HN: Agent Package Manager (APM) for Agent Configuration,danielmeppiel,https://github.com/microsoft/apm,
406,0.0,2,362.4,hn,breakthrough,My Rails harness for autonomous AI coding with Claude Code,marcinos,https://rubyonai.com/my-harness-how-i-stopped-babysitting-ai-and-went-kitesurfing/,
407,0.0,3,363.9,hn,tutorial,Show HN: I built a super simple email reminder inspired by the RemindMe! bot,santah,,
408,0.0,9,364.8,hn,breakthrough,Bernie Sanders: I spoke to AI agent Claude [video],epaga,https://www.youtube.com/watch?v=h3AtWdeu_G0,
409,0.0,1,366.2,hn,meme,Role-based AI persona packs for Claude Code and Cursor,ratnesh_maurya,,
410,0.0,2,367.7,hn,tutorial,Show HN: I built an AI agent that does marketing for my apps,akhrail1996,https://asaagent.xyz,
411,0.0,2,368.4,hn,tutorial,Claude Code Commands That Improve Developer Workflows,Greeeeg,https://www.toolmesh.ai/news/unlocking-claude-code-hidden-features-advanced-commands,
412,0.0,2,369.3,hn,breakthrough,"Fixy – Real-time group chat with humans and AI agents (ChatGPT, Claude, Gemini)",frdfrd,https://fixy.ai/,
413,0.0,13,376.3,hn,breakthrough,I Spoke to AI Agent Claude – Sen Bernie Sanders,timetraveller26,https://www.youtube.com/watch?v=h3AtWdeu_G0,
414,0.0,13,377.9,hn,tutorial,"Tell HN: If working with agents means this, robots, please take my job",tiredagent,,
415,0.0,7,378.2,hn,comparison,Show HN: We Built Kaggle for AI Agents,deviscold,https://hive.rllm-project.com/,
416,0.0,3,378.6,hn,breakthrough,We Made Haiku as Good as Opus. Improving Claude Code with Codeset,andre15silva,https://codeset.ai/blog/improving-claude-code-with-codeset,
417,0.0,2,379.1,hn,breakthrough,Show HN: I documented how we ranked #1 on ChatGPT in 45 days with $0,hassanyassine,https://getbrazilvisa.com/ai-visibility-playbook,
418,0.0,5,380.8,hn,breakthrough,Show HN: Hopsule – Persistent Memory Layer for AI Engineering,firatcan,https://hopsule.com/,
419,0.0,3,381.3,hn,breakthrough,Ask HN: What do you think about Claude going down every day now?,scratchyone,,
420,0.0,2,382.0,hn,personal,Ask HN: How do you work in teams with AI tools?,vjvjvjvjghv,,
421,0.0,2,382.1,hn,breakthrough,"Show HN: Perstack – Containerized harness, 5 tests with full logs and API cost",FL4TLiN3,https://github.com/perstack-ai/perstack,
422,0.0,1,382.9,hn,breakthrough,Show HN: Import Your AI Memory into ContextForge,alfredoizjr,https://contextforge.dev/blog/import-your-ai-memory-into-contextforge-claude-code-chatgpt-and-knowledge-graph,
423,0.0,20,383.1,hn,tutorial,Show HN: Dumped Wix for an AI Edge agent so I never have to hire junior staff,axotopia,,
424,0.0,2,383.7,hn,tutorial,Show HN: Yansu – agent that builds your bespoke app before you ask,yubozhao,https://yansu.app/,
425,0.0,4,384.3,hn,breakthrough,Ask HN: How do you vibe code in microservices without breaking everything?,qbacode,,
426,0.0,2,385.4,hn,tutorial,Show HN: AgentDeals – Developer pricing discovery for AI agents,rhunter,https://github.com/robhunter/agentdeals,
427,0.0,3,385.6,hn,meme,Show HN: P2PCLAW – I built a decentralized research network where AI agents,FranciscoAngulo,,
428,0.0,1,385.8,hn,comparison,Using Claude Code+ API is better and cheaper than products like lovable,johnnyfeng,,
429,0.0,20,385.8,hn,tutorial,Show HN: Altimate Code – Open-Source Agentic Data Engineering Harness,aaur0,https://github.com/AltimateAI/altimate-code,
430,0.0,9,386.4,hn,tutorial,"Show HN: Agentic Copilot – Bring Claude Code, OpenCode, Gemini CLI into Obsidian",mrxdev,https://github.com/spencermarx/obsidian-ai,
431,0.0,1,387.3,hn,breakthrough,Show HN: First Claude Code skill for building SaaS apps,sydcli,https://fireact.dev/blog/build-saas-apps-with-ai-powered-development-skills/,
432,0.0,5,388.1,hn,tutorial,Show HN: LLMadness – March Madness Model Evals,rjkeck2,https://llmadness.com/2026/,
433,0.0,2,388.5,hn,tutorial,Show HN: PlanWiki – Open-source platform for product teams and agents to execute,KupaMakunura,https://github.com/planwiki/planwiki-app,
434,0.0,2,389.0,hn,breakthrough,Claude Cowork Dispatch: Anthropic's Answer to OpenClaw,thoughtpeddler,https://www.latent.space/p/ainews-claude-cowork-dispatch-anthropics,
435,0.0,2,392.8,hn,tutorial,Show HN: Supre – A prompt engineer for Suno AI's Style of Music field,sdemela,https://supre.online/en/tool,
436,0.0,2,394.3,hn,meme,Show HN: UI-stack – Claude skill that enforces design system on AI-generated UI,rashoodkhan,https://www.ui-stack.dev/,
437,0.0,7,397.1,hn,breakthrough,Show HN: Fitness MCP,tmulc18,https://getfast.ai/claude-connector,
438,0.0,2,398.4,hn,breakthrough,Show HN: Lottery of Birth,atulvi,https://claude.ai/public/artifacts/b561334a-3b08-41e8-b0e0-c656bdb2e30b,
439,0.0,2,403.1,hn,breakthrough,Claude Is Getting Better. What About Us?,curiouska,https://pydantic.dev/articles/learning-in-the-age-of-ai,
440,0.0,1,403.7,hn,breakthrough,Go SDK for Claude Agents,nateb2022,https://github.com/character-ai/claude-agent-sdk-go,
441,0.0,2,404.3,hn,tutorial,Show HN: Knowza.ai – Free 10-question trial now live (AI-powered AWS exam prep),johnnyChiv,https://www.knowza.ai/,
442,0.0,1,405.0,hn,meme,Show HN: Bloq.ink – autonomous content pipeline (SEO and GEO for AI search),dspv,https://bloq.ink,
443,0.0,3,406.2,hn,breakthrough,Show HN: I built a game where domain experts try to break frontier AI,camillemolas,https://www.rusmarterthananllm.com/,
444,0.0,1,406.4,hn,tutorial,Show HN: Motif - Analyze your Cursor and Claude Code chat history,Bulugulu,https://github.com/Bulugulu/motif-cli,
445,0.0,3,407.9,hn,tutorial,Show HN: Lukan – An open-source agentic workstation in a single Rust binary,enzovn,https://lukan.ai,
446,0.0,4,408.0,hn,tutorial,Show HN: PlanckClaw an AI agent in 6832 bytes of x86-64 assembly,frntn,https://github.com/frntn/planckclaw,
447,0.0,2,408.0,hn,comparison,Show HN: Permit MCP Gateway – Fine-Grained Authorization and IGA for MCP,gemanor,https://www.permit.io/mcp-gateway,
448,0.0,6,408.1,hn,breakthrough,Show HN: On-device meeting transcription for your Mac,paynedigital,,
449,0.0,1,408.4,hn,tutorial,Show HN: SHTMLs – HTML pastebin where the AI uploads its own output,skenderbeu,,
450,0.0,1,408.9,hn,tutorial,Show HN: Ibkr-CLI – A local-first Interactive Brokers CLI built for AI agents,fatwang2,https://github.com/fatwang2/ibkr-cli,
451,0.0,1,409.5,hn,breakthrough,Show HN: Site got cited by Claude and ChatGPT in under a week,superchargeext,https://www.superchargebrowser.com/,
452,0.0,1,90.9,hn,breakthrough,Show HN: Built a Google Chrome extension to give AI model information on hover,nuancedev,https://chromewebstore.google.com/detail/rival-lens/aienebdokeipjpldhnfaknpnpcmmgfml,
453,0.0,1,92.6,hn,breakthrough,Add the missing source to Claude Code,tornikeo,https://github.com/anthropics/claude-code/pull/41611/,
454,0.0,1,94.1,hn,breakthrough,The Download: AI health tools and The Pentagon's Anthropic culture war,joozio,https://www.technologyreview.com/2026/03/31/1134934/the-download-testing-ai-health-tools-pentagon-anthropic-culture-war-backfires/,
455,0.0,2,103.8,hn,tutorial,"Show HN: Book Juicing – Interactive D. Amodei's ""The Adolescence of Technology""",akman,https://adolescence-of-technology-vercel.vercel.app/,
456,0.0,1,110.6,hn,breakthrough,Coatue Projected $1.995T Valuation for Anthropic in 2030,aanet,https://www.newcomer.co/p/coatue-projected-1995-trillion-valuation,
457,0.0,2,114.1,hn,tutorial,Show HN: I made a cheaper alternative to Claude Code or Codex CLI,gr00ve,https://sweetcli.com/,
458,0.0,1,114.9,hn,breakthrough,I Built a Plugin Because Anthropic Won't Stop Shipping,mooreds,https://feld.com/archives/2026/03/i-built-a-plugin-because-anthropic-wont-stop-shipping/,
459,0.0,2,116.8,hn,breakthrough,"The Scaling Curve: Dario Amodei, Anthropic and the Race to Superintelligence",todsacerdoti,https://www.amazon.com/Scaling-Curve-Anthropic-Survive-Superintelligence/dp/B0GPJN56JQ,
460,0.0,2,142.1,hn,breakthrough,Anthropic Donations: Guesses and Uncertainties,joozio,https://www.lesswrong.com/posts/NAwqT8wDkLRovcbZ9/anthropic-donations-guesses-and-uncertainties,
461,0.0,2,149.8,hn,breakthrough,Vibe physics: The AI grad student,cl3misch,https://www.anthropic.com/research/vibe-physics,
462,0.0,3,152.8,hn,tutorial,Show HN: Shoofly – pre-execution security for Claude Code Cowork and OpenClaw,evanvuckovic,https://shoofly.dev/,
463,0.0,1,155.5,hn,comparison,Anthropic Wins Injunction in Court Battle with Trump Administration,theahura,https://www.wsj.com/politics/policy/anthropic-wins-injunction-in-court-battle-with-trump-administration-4cc93351,
464,0.0,2,155.5,hn,breakthrough,Anthropic May Have Had an Architectural Breakthrough,kok14,https://twitter.com/AndrewCurran_/status/2037967531630367218,
465,0.0,2,175.2,hn,breakthrough,Google to finance data center project leased to Anthropic,maneprajakta,https://seekingalpha.com/news/4569914-google-to-finance-data-center-project-leased-to-anthropic,
466,0.0,1,178.0,hn,breakthrough,Bitmoji Anthropology [video],broabprobe,https://www.youtube.com/watch?v=E2I0tqgaEVo,
467,0.0,4,183.3,hn,breakthrough,Anthropic accidentally leaked details of a new AI model,ilkkao,https://fortune.com/2026/03/27/anthropic-leaked-ai-mythos-cybersecurity-risk/,
468,0.0,5,183.9,hn,breakthrough,Hegseth's War on Anthropic Encounters the First Amendment,cdrnsf,https://www.techdirt.com/2026/03/27/hegseths-war-on-anthropic-encounters-the-first-amendment/,
469,0.0,1,184.4,hn,breakthrough,Claude's popularity is forcing it to hit the brakes on users,almog,https://www.businessinsider.com/claude-usage-caps-changes-popularity-anthropic-2026-3,
470,0.0,2,189.5,hn,breakthrough,OpenCode-LLM-proxy – use any OpenCode model via OpenAI/Anthropic/Gemini API,kochc,https://github.com/KochC/opencode-llm-proxy,
471,0.0,5,190.3,hn,breakthrough,"Anthropic's context-window.md is 18,501 tokens. 551 are content. I have notes",claylo,https://claylo.dev/articles/markdown-cosplay/,
472,0.0,5,193.4,hn,breakthrough,New Anthropic model wrecking cybersecurity stocks,minkeymaniac,https://twitter.com/DenisGobo/status/2037524649374806059,
473,0.0,2,193.9,hn,tutorial,Anthropic Economic Index Learning Curves,gmays,https://www.anthropic.com/research/economic-index-march-2026-report,
474,0.0,2,194.5,hn,breakthrough,Fork of Anthropic's Skill Creator from the Lens of Hard Worlds for Little Guys,NickNaraghi,https://github.com/bglek/skill-creator-springett,
475,0.0,4,195.8,hn,breakthrough,Anthropic tweaks timed usage limits to discourage demand during peak hours,pseudolus,https://www.theregister.com/2026/03/26/anthropic_tweaks_usage_limits/,
476,0.0,3,199.2,hn,breakthrough,Anthropic left details of an unreleased model sitting in an unsecured data trove,guessmyname,https://fortune.com/2026/03/26/anthropic-leaked-unreleased-model-exclusive-event-security-issues-cybersecurity-unsecured-data-store/,
477,0.0,2,203.0,hn,breakthrough,If you are a published author you may be entitled to compensation,october8140,https://www.anthropiccopyrightsettlement.com,
478,0.0,5,208.6,hn,meme,Show HN: I tried to reverse engineer Claude Code usage limits,aray07,https://github.com/abhishekray07/claude-meter,
479,0.0,2,209.9,hn,comparison,Show HN: Datetime-bench: which datetime formats LLMs get right (and wrong),diwank,https://github.com/MemoryStore/datetime-bench/tree/main,
480,0.0,4,210.2,hn,breakthrough,Harness design for long-running application development,rmuchall,https://www.anthropic.com/engineering/harness-design-long-running-apps,
481,0.0,2,212.7,hn,breakthrough,The Ethics Tax: Anthropic Refused The Pentagon. OpenAI Took the Deal,bustah,https://sloppish.com/ethics-tax.html,
482,0.0,1,213.0,hn,breakthrough,"Fund with Stakes in SpaceX and Anthropic Jumps 1,200% Above Asset Value",paulpauper,https://www.bloomberg.com/news/articles/2026-03-24/fund-with-spacex-and-anthropic-stakes-jumps-1-200-above-nav,
483,0.0,3,213.1,hn,breakthrough,Anthropics Buffa: a Rust implementation of protobuf,harporoeder,https://github.com/anthropics/buffa,
484,0.0,4,219.4,hn,breakthrough,Claude Code auto mode: a safer way to skip permissions,taspeotis,https://www.anthropic.com/engineering/claude-code-auto-mode,
485,0.0,5,220.4,hn,tutorial,Show HN: Agent Flow: A beautiful way to visualize Claude Code actions,daco,https://github.com/patoles/agent-flow,
486,0.0,9,233.6,hn,breakthrough,How Anthropic's Claude Thinks,shric,https://blog.bytebytego.com/p/how-anthropics-claude-thinks,
487,0.0,8,233.8,hn,breakthrough,A Former Anthropology Student from Los Angeles Might Be the George Lucas of AI,Kaibeezy,https://www.hollywoodreporter.com/movies/movie-news/gossip-goblin-zack-london-ai-films-watch-1236544634/,
488,0.0,3,236.4,hn,breakthrough,Anthropic won't acknowledge my prior art notice,alienfader,https://gist.github.com/Alienfader/9140a7311164d37a90f16600a1e4b6f1,
489,0.0,3,238.2,hn,tutorial,Show HN: Eforge – An Agentic Build System,mshark,https://github.com/eforge-build/eforge,
490,0.0,3,242.1,hn,tutorial,Show HN: First-token-only flaw in Claude Code permissions (triage bot too),Apylon777,https://spitfirecowboy.com/workshop/0008-the-receipt-was-lying/,
491,0.0,2,242.7,hn,tutorial,Show HN: Genosis – LLM cost optimization that learns from your traffic,samherder,https://usegenosis.ai/,
492,0.0,2,243.1,hn,breakthrough,"Show HN: Refrain – Generate browser automations with AI, replay them without AI",timakin,https://therefrain.ai/,
493,0.0,3,248.6,hn,breakthrough,Anthropic: A Technical and Business Model Analysis,steve_luo,https://blog.sd.idv.tw/en/posts/2026-03-25_anthropic-business-analysis/,
494,0.0,5,262.0,hn,breakthrough,Anthropic's CEO Said All Code Will Be AI-Generated in a Year (March 2025),pera,https://www.inc.com/joe-procopio/anthropics-ceo-said-all-code-will-be-ai-generated-in-a-year/91163367,
495,0.0,2,263.8,hn,personal,Ask HN: Are Anthropic structured outputs broken for you as well?,koakuma-chan,,
496,0.0,1,266.3,hn,breakthrough,Anthropic: Enable Claude to Use Your Computer from Mobile,pookieinc,https://claude.com/blog/dispatch-and-computer-use,
497,0.0,2,266.6,hn,breakthrough,I think Anthropic's approach to data poisoning is solving from the wrong end,czbond,https://coloradochris.substack.com/p/why-i-think-anthropics-approach-to,
498,0.0,3,267.1,hn,breakthrough,OpenAI offering Private Equity a return of 17.5% and early access to models,alecco,https://www.reuters.com/business/openai-sweetens-private-equity-pitch-amid-enterprise-turf-war-with-anthropic-2026-03-23/,
499,0.0,1,267.6,hn,breakthrough,"The Good King Problem: Anthropic, Twitter, and Leadership-Dependent Architecture",jlzsignal,https://www.wanderingwonderingstar.com/p/undertow-002-the-good-king-problem,
500,0.0,2,272.0,hn,personal,Ask HN: HSL 0.1 – The Human Source License. Please help refining,xdgrulez,,
501,0.0,1,275.8,hn,breakthrough,Show HN: QuarterMaster – Generate performance reviews from your GitHub activity,imponenm,https://github.com/imponenm/QuarterMaster,
502,0.0,4,280.6,hn,breakthrough,Welcome to the AI agent arms race,indigodaddy,https://www.axios.com/2026/03/23/openclaw-agents-nvidia-anthropic-perplexity,
503,0.0,3,281.1,hn,meme,OpenAI sweetens private equity pitch amid enterprise turf war with Anthropic,consumer451,https://www.reuters.com/business/openai-sweetens-private-equity-pitch-amid-enterprise-turf-war-with-anthropic-2026-03-23/,
504,0.0,5,281.5,hn,breakthrough,Anthropic for Science Blog,rvz,https://www.anthropic.com/research/introducing-anthropic-science,
505,0.0,4,282.3,hn,breakthrough,Anthropic builds Rust support for ConnectRPC,abhinavg,https://github.com/anthropics/connect-rust,
506,0.0,2,285.1,hn,breakthrough,History of Anthropic,johnxie,https://www.taskade.com/blog/anthropic-claude-history,
507,0.0,1,289.4,hn,breakthrough,Anthropomorphic Polygons,ttd,https://en.wikipedia.org/wiki/Anthropomorphic_polygon,
508,0.0,3,290.0,hn,breakthrough,The Myspace Dilemma Facing ChatGPT,thm,https://www.theatlantic.com/ideas/2026/03/openai-economy-competition-anthropic/686420/,
509,0.0,1,290.4,hn,tutorial,"Show HN: Oo – compress output for coding agents (cargo test → ""47 passed, 2.1s"")",jannniii,https://github.com/randomm/oo,
510,0.0,2,297.3,hn,breakthrough,Show HN: Claudebox – Your Claude Subscription as Personal API,armanj,https://github.com/ArmanJR/claudebox,
511,0.0,4,299.8,hn,breakthrough,"Amazon's Trainium lab, the chip that's won over Anthropic, OpenAI, even Apple",evo_9,https://techcrunch.com/2026/03/22/an-exclusive-tour-of-amazons-trainium-lab-the-chip-thats-won-over-anthropic-openai-even-apple/,
512,0.0,1,311.0,hn,breakthrough,OpenAI plans to almost double its headcount this year,Brajeshwar,https://fortune.com/2026/03/21/openai-double-headcount-this-year-sam-altman-anthropic-google/,
513,0.0,4,316.5,hn,breakthrough,Anthropic sent lawyers – no more Claude Max in OpenCode,BaudouinVH,https://twitter.com/thdxr/status/2034730036759339100,
514,0.0,9,317.6,hn,tutorial,Skills are quietly becoming the unit of agent knowledge,latand6,,
515,0.0,6,322.2,hn,breakthrough,Anthropic just shipped an OpenClaw killer,qwertmax,https://venturebeat.com/orchestration/anthropic-just-shipped-an-openclaw-killer-called-claude-code-channels,
516,0.0,1,339.3,hn,comparison,OpenCode vs. Anthropic,mrprincerawat,,
517,0.0,2,341.5,hn,breakthrough,"De-anthropomorphizing ""AI"": From wishful mnemonics to accurate nomenclature",adrianhoward,https://firstmonday.org/ojs/index.php/fm/article/view/14366/12152,
518,0.0,2,345.7,hn,meme,Declaration of Emil Michael: Anthropic poses security risks,1vuio0pswjnm7,https://www.courtlistener.com/docket/72379655/96/3/anthropic-pbc-v-us-department-of-war/,
519,0.0,5,358.7,hn,breakthrough,Anthropic is joining the ConnectRPC project,niyikiza,https://github.com/connectrpc/connectrpc.com/pull/334,
520,0.0,2,359.3,hn,breakthrough,Anthropic meets with House Homeland Security behind closed doors,Brajeshwar,https://www.axios.com/2026/03/19/anthropic-house-homeland-security-ai,
521,0.0,2,364.5,hn,breakthrough,Cybersecurity Skills for AI Agents (agentskills.io standard),mukul975,https://github.com/mukul975/Anthropic-Cybersecurity-Skills,
522,0.0,1,365.8,hn,meme,Show HN: Added API key support to my AI writing assistant extension,jerrygoyal,,
523,0.0,1,366.3,hn,breakthrough,Tell HN: Claude Returning 429 in OpenCode,ramon156,,
524,0.0,1,370.5,hn,breakthrough,I attended a Claude for Excel webinar that 10k people attended,dogscatstrees,https://anthropic.ondemand.goldcast.io/on-demand/dfd8dc34-c59d-469e-aad2-3b093bd8ef86,
525,0.0,10,372.6,hn,breakthrough,Pentagon: Anthropic's Chinese employees are security risks,jimmydoe,https://www.axios.com/2026/03/19/pentagon-anthropic-foreign-workforce-security-risks,
526,0.0,9,376.1,hn,breakthrough,"Anthropic's ""Claude for Open Source"" program still charged $200",arccy,https://twitter.com/i/status/2034748327628005848,
527,0.0,5,376.5,hn,breakthrough,"To Catholic thinkers, Pentagon's AI demands violate 'human dignity'",reaperducer,https://www.washingtonpost.com/nation/2026/03/19/anthropic-war-ai-catholic-church/,
528,0.0,2,378.3,hn,breakthrough,How did Anthropic do it?,gmays,https://ramp.com/velocity/ai-index-march-2026,
529,0.0,7,379.4,hn,breakthrough,"Show HN: llamafile 0.10.0 rebuilt, Qwen3.5, lfm2, Anthropic API",mzlaai,https://blog.mozilla.ai/llamafile-reloaded-whats-new-in-v0-10-0/,
530,0.0,2,380.4,hn,tutorial,Show HN: Run Claude Code with –dangerously-skip-permissions in a Docker sandbox,sayil,https://github.com/sayil/dangerously,
531,0.0,3,382.3,hn,comparison,"Show HN: React isn't the terminal UI bottleneck, the output pipeline is",nathan-cannon,,
532,0.0,2,383.3,hn,breakthrough,Reflections after 1 year at Anthropic,gmays,https://threadreaderapp.com/thread/2024567162216865922.html,
533,0.0,2,384.4,hn,tutorial,"Show HN: LLM prompts as CLI progs with args, piping, and SSH forwarding",smudgy3746,,
534,0.0,1,385.6,hn,breakthrough,The AI Spending Flip,boh,https://www.axios.com/2026/03/18/ai-enterprise-revenue-anthropic-openai,
535,0.0,1,385.9,hn,tutorial,Peak journalism: Dario interview without him and how to port your AI boyfriend,PrincessEe,https://www.vanityfair.com/news/story/dario-amodei-anthropic-ai,
536,0.0,6,390.8,hn,breakthrough,OpenCode drops Claude Pro/Max subscription support per Anthropic's legal request,kretaceous,https://github.com/anomalyco/opencode/pull/18186,
537,0.0,6,393.3,hn,breakthrough,Claude accounts from multiple countries are blocked to access for several days,geyserr,https://github.com/anthropics/claude-code/issues/34229,
538,0.0,2,396.1,hn,breakthrough,Dataset from Anthropic interviewing people on what's AI doing in life,priyanshujain,https://gist.github.com/priyanshujain/6c4c06086280f1db65db4416581cc144,
539,0.0,9,397.6,hn,breakthrough,"Anthropic's Hidden Vercel Competitor ""Antspace""",anurag,https://aprilnea.me/en/blog/reverse-engineering-claude-code-antspace,
540,0.0,3,400.2,hn,breakthrough,Anthropic dispatch: more OpenClaw competiton,gigatexal,https://old.reddit.com/r/Anthropic/comments/1rx1z5c/anthropic_launched_a_new_cowork_feature_called/,
541,0.0,2,402.5,hn,breakthrough,"FTX Owned Anthropic, Solana and SpaceX, Then Had to Sell Too Soon",wslh,https://www.forbes.com/sites/josipamajic/2026/03/18/ftx-owned-anthropic-solana-and-spacex-then-had-to-sell-too-soon/,
542,0.0,2,402.8,hn,breakthrough,Anthropic's code execution pattern for MCP cuts agent token usage from 150K – 2K,JanSchu,https://brightbean.xyz/blog/code-execution-mcp-efficient-ai-agents/,
543,0.0,4,403.9,hn,tutorial,Show HN: Ossature – Spec-driven code generation with LLMs,beshrkayali,https://ossature.dev,
544,0.0,2,404.2,hn,breakthrough,Silicon Valley Musters Behind-the-Scenes Support for Anthropic,goplayoutside,https://www.nytimes.com/2026/03/18/technology/silicon-valley-anthropic-pentagon.html,
545,0.0,1,404.8,hn,breakthrough,AI firm Anthropic seeks weapons expert to stop users from 'misuse',_____k,https://www.bbc.co.uk/news/articles/c74721xyd1wo,
546,0.0,1,407.2,hn,breakthrough,"Show HN: Yapper – free, open-source alternative to Superwhisper for macOS",ahmedlhanafy,https://github.com/ahmedlhanafy/yapper,
547,0.0,3,408.4,hn,tutorial,Show HN: Deploybase CLI – Search GPU and LLM pricing from your terminal,grasper_,https://github.com/nicalevras/deploybase-cli,
548,0.0,1,408.4,hn,tutorial,Show HN: MCP Certify – Auto-test MCP servers for security and compliance,jackgladowsky,https://github.com/jackgladowsky/mcp-certify,
549,0.0,1,408.6,hn,breakthrough,"Anthropic Captures 73% of New Enterprise AI Spending, Outpacing OpenAI",JohnWeston,https://thepolarisreport.com/brief/PR-xvZ14brd,
550,0.0,1,408.7,hn,breakthrough,Anthropic turns the tables on OpenAI in critical revenue category,Brajeshwar,https://www.axios.com/2026/03/18/ai-enterprise-revenue-anthropic-openai,
551,0.0,3,409.4,hn,breakthrough,OpenAI's First-Mover Disadvantage,ecliptik,https://www.theatlantic.com/ideas/2026/03/openai-economy-competition-anthropic/686420/,
552,0.0,1,410.7,hn,breakthrough,[BUG],ZakHussein,https://github.com/anthropics/claude-code/issues/34229,
553,0.0,1,412.6,hn,tutorial,Show HN: PingCRM – Open-source personal networking CRM,sneg55,https://github.com/sneg55/pingcrm,
554,0.0,2,416.5,hn,tutorial,"Show HN: Open-source YouTube summary, transcript chat, and timeline sidepanel",oujiangping,https://github.com/EchoTide/QuickSummarize,
555,0.0,1,423.3,hn,meme,"Show HN: Xecai, a minimal Python interface for LLM providers for RAG systems",adrianvi,https://github.com/AdrianVispalia/xecai,
556,0.0,7,424.7,hn,breakthrough,Anthropic Announces Dispatch for Claude Cowork,Handy-Man,https://www.threads.com/@boris_cherny/post/DWAE3-_E8ui,
557,0.0,1,430.5,hn,breakthrough,OpenAI Is Refocusing on Coding Tools and Enterprise as Anthropic Pulls Ahead,SinnerLig,https://qz.com/openai-coding-enterprise-anthropic,
558,0.0,2,431.3,hn,breakthrough,Show HN: Llamactl – Self-hosted LLM manager with OpenAI-compatible routing,lordmathis,https://github.com/lordmathis/llamactl,
559,0.0,1,431.8,hn,tutorial,Show HN: DashClaw – Intercept AI agent actions before they execute,ucsandman,,
560,0.0,3,433.1,hn,comparison,Show HN: FC-Eval – CLI to Benchmark Local or Cloud LLMs on Function Calling,gauravvij137,https://github.com/gauravvij/function-calling-cli,
561,0.0,3,433.1,hn,tutorial,Show HN: Flock v0.7.0 – Open Source Semantic Layer for DuckDB (C++),dorbanianas,,
562,0.0,3,452.1,hn,breakthrough,Anthropic requires your phone number,dataspun,https://support.claude.com/en/articles/8287232-verifying-your-phone-number,
563,0.0,4,456.1,hn,breakthrough,The psychological distance between us and climate disaster,speckx,https://www.anthropocenemagazine.org/2026/03/the-strange-and-persistent-psychological-distance-between-us-and-climate-disaster/,
564,0.0,1,459.2,hn,tutorial,AI Learning Resources and Guides from Anthropic,vinhnx,https://www.anthropic.com/learn,
565,0.0,5,460.6,hn,tutorial,"Show HN: Paseo – Run coding agents from your phone, desktop, or terminal (FOSS)",boudra,https://github.com/getpaseo/paseo,
566,0.0,5,465.3,hn,tutorial,Show HN: Port42 – AI companions that build and act on your Mac (v0.5.0),gordonmattey,https://port42.ai/,
567,0.0,19,465.4,hn,breakthrough,FSF threatens Anthropic over infringed copyright: share your LLMs freely,MilnerRoute,https://news.slashdot.org/story/26/03/16/0539240/fsf-threatens-anthropic-over-infringed-copyright-share-your-llms-freely,
568,0.0,8,467.1,hn,breakthrough,Anthropic and the Authoritarian Ethic,lr0,https://blog.giovanh.com/blog/2026/03/03/anthropic-and-the-authoritarian-ethic/,
569,0.0,3,473.7,hn,breakthrough,The Pentagon Went to War with Anthropic. What’s Really at Stake?,Anon84,https://www.newyorker.com/news/annals-of-inquiry/the-pentagon-went-to-war-with-anthropic-whats-really-at-stake,
570,0.0,3,475.5,hn,meme,Show HN: ARISE – Agents that create their own tools at runtime when they fail,abekek,https://github.com/abekek/arise,
571,0.0,1,477.9,hn,personal,How to get support from Claude support team,dduyanhhoang,,
572,0.0,1,481.5,hn,breakthrough,Quantifying infrastructure noise in agentic coding evals,gmays,https://www.anthropic.com/engineering/infrastructure-noise,
573,0.0,1,485.2,hn,tutorial,Try an open-source MCP server for Postgres – win a Raspberry Pi,pgedge_postgres,,
574,0.0,1,487.8,hn,breakthrough,Show HN: Real-Time Visualization of Anthropic's Toy Models of Superposition,danra,https://github.com/danra/toy_models,
575,0.0,1,491.6,hn,tutorial,Show HN: An experiment in giving coding agents long-term memory,yacc2,,
576,0.0,1,492.1,hn,tutorial,Anthropic Courses,vinhnx,https://anthropic.skilljar.com/,
577,0.0,13,499.1,hn,breakthrough,The Anthropic Institute,paulpauper,https://www.anthropic.com/news/the-anthropic-institute,
578,0.0,2,499.2,hn,breakthrough,Anthropic Supply Chain Risk designation takes effect,gone35,https://www.mayerbrown.com/en/insights/publications/2026/03/anthropic-supply-chain-risk-designation-takes-effect--latest-developments-and-next-steps-for-government-contractors,
579,0.0,2,499.5,hn,tutorial,"Toolpack SDK, an Open Source TypeScript SDK for Building AI-Powered Applications",sajeerzeji,,
580,0.0,1,500.8,hn,breakthrough,Kraken – open-source autonomous dev agent for the terminal,galfrevn,,
581,0.0,5,501.6,hn,breakthrough,The Pentagon Went to War with Anthropic. What's Really at Stake?,mitchbob,https://www.newyorker.com/news/annals-of-inquiry/the-pentagon-went-to-war-with-anthropic-whats-really-at-stake,
582,0.0,1,512.2,hn,breakthrough,Become a Claude Certified Architect,donutshop,https://anthropic.skilljar.com/claude-certified-architect-foundations-access-request,
583,0.0,12,517.8,hn,breakthrough,MiniMax M2.5 is trained by Claude Opus 4.6?,Orellius,,
584,0.0,3,519.0,hn,breakthrough,Natural Emergent Misalignment from Reward Hacking in Production RL [pdf],marcuschong,https://assets.anthropic.com/m/74342f2c96095771/original/Natural-emergent-misalignment-from-reward-hacking-paper.pdf,
585,0.0,23,519.2,hn,tutorial,"Anthropic, Do Not A/B Test My Workflow",ramoz,https://backnotprop.com/blog/do-not-ab-test-my-workflow/,
586,0.0,21,519.5,hn,breakthrough,"""Added 1M context window for Opus 4.6 by default for Max, Team, and Enterprise""",taspeotis,https://raw.githubusercontent.com/anthropics/claude-code/refs/heads/main/CHANGELOG.md,
587,0.0,3,525.7,hn,breakthrough,Claude overtaking ChatGPT in the enterprise – measured by job posts mentions,antgoldbloom,https://trends.sumble.com/?techs=anthropic-claude%2Copenai-chatgpt,
588,0.0,2,526.4,hn,meme,Show HN: Re-imagine photo albums with NanoBanana,hmartin,https://github.com/hbmartin/imagemine,
589,0.0,1,526.7,hn,tutorial,Ask HN: Is Rust coming to the Anthropic sandbox?,weinzierl,,
590,0.0,5,528.2,hn,breakthrough,Anthropic gives $20M to group pushing for AI regulations ahead of 2026 elections,neya,https://www.cnbc.com/2026/02/12/anthropic-gives-20-million-to-group-pushing-for-ai-regulations-.html,
591,0.0,3,529.5,hn,breakthrough,AI policy's new power center,Brajeshwar,https://www.axios.com/2026/03/13/ai-policy-power-center-pentagon-anthropic,
592,0.0,3,530.1,hn,breakthrough,Show HN: Chat.nvim v1.4.0 – OpenClaw-like AI assistant for Neovim,wsdjeg,https://github.com/wsdjeg/chat.nvim/releases/tag/v1.4.0,
593,0.0,7,530.3,hn,tutorial,Show HN: VibeTrade – Trading Harness for Claude,raunaqvaisoha,https://github.com/vibetrade-ai/vibe-trade,
594,0.0,1,531.4,hn,breakthrough,Show HN: TokenWatch – Real-Time AI API Cost Monitor for OpenAI/Anthropic/Gemini,avolcoff,https://tokenwatch-ten.vercel.app/,
595,0.0,2,531.8,hn,tutorial,Want to Win a New CanaKit Raspberry Pi 5 Starter Kit Pro?,pgedge_postgres,,
596,0.0,2,535.0,hn,comparison,Show HN: CacheLens – Local-first cost tracking proxy for LLM APIs,stephenlthorn,https://github.com/stephenlthorn/cache-lens,
597,0.0,2,536.7,hn,tutorial,Show HN: From Claude Code to OpenCode – My Evolution in Vibe AI Engineering,denis4inet,,
598,0.0,1,536.9,hn,breakthrough,Dwarkesh on the Anthropic situation,musha68k,https://www.youtube.com/watch?v=KBPOTklFTiU,
599,0.0,3,544.1,hn,breakthrough,Anthropic and OpenAI just exposed SAST's structural blind spot with free tools,mooreds,https://venturebeat.com/security/anthropic-openai-sast-reasoning-scanners-security-directors-guide,
600,0.0,1,544.7,hn,tutorial,Show HN: Hugoifier – convert any HTML template to a Hugo and Decap setup via AI,ragelink,https://github.com/ConflictHQ/hugoifier,
601,0.0,19,545.2,hn,meme,Show HN: Slop or not – can you tell AI writing from human in everyday contexts?,eigen-vector,https://slop-or-not.space,
602,0.0,6,548.6,hn,breakthrough,Anthropic invests $100M into the Claude Partner Network,surprisetalk,https://www.anthropic.com/news/claude-partner-network,
603,0.0,3,549.3,hn,breakthrough,An Open Letter to Anthropic Leadership,measurablefunc,https://claude.ai/public/artifacts/4b1e7231-41fe-4833-be0d-98cdae617320,
604,0.0,5,549.6,hn,breakthrough,Pentagon CTO says 'no chance' of renewed Anthropic negotiations,dev_tty01,https://www.reuters.com/technology/pentagon-cto-says-no-chance-renewed-anthropic-negotiations-cnbc-interview-2026-03-12/,
605,0.0,3,550.2,hn,breakthrough,"Anthropic's Claude AI can respond with charts, diagrams, and other visuals now",newusertoday,https://www.theverge.com/ai-artificial-intelligence/893625/anthropic-claude-ai-charts-diagrams,
606,0.0,6,550.5,hn,tutorial,Should Sam Altman fear token compression?,Gillesray,,
