post_id,platform,title,spike_type,confidence,scores_json,created_at,author,url,engagement_score
1k80go8,reddit,Face Punching Iconic Characters,personal,0.3,"{""comparison"": 0.2, ""tutorial"": 0.2, ""breakthrough"": 0.1, ""meme"": 0.2, ""personal"": 0.3}",2025-04-26T00:40:34Z,Cloud_Reviews,https://www.reddit.com/r/aivideo/comments/1k80go8/face_punching_iconic_characters/,2121
1k9e8ag,reddit,Face Punching Iconic Characters Part 2,personal,0.3,"{""comparison"": 0.2, ""tutorial"": 0.2, ""breakthrough"": 0.1, ""meme"": 0.2, ""personal"": 0.3}",2025-04-27T20:54:14Z,Cloud_Reviews,https://www.reddit.com/r/aivideo/comments/1k9e8ag/face_punching_iconic_characters_part_2/,924
1kk1nhs,reddit,Animated some GTA VI Screenshots,personal,0.3,"{""comparison"": 0.2, ""tutorial"": 0.2, ""breakthrough"": 0.1, ""meme"": 0.2, ""personal"": 0.3}",2025-05-11T13:59:00Z,Nexen4,https://www.reddit.com/r/aivideo/comments/1kk1nhs/animated_some_gta_vi_screenshots/,884
1mux2km,reddit,13 Ways to Annoy Everyone on Your Commute,personal,0.3,"{""comparison"": 0.2, ""tutorial"": 0.2, ""breakthrough"": 0.1, ""meme"": 0.2, ""personal"": 0.3}",2025-08-19T22:22:21Z,Ok_History_34,https://www.reddit.com/r/aivideo/comments/1mux2km/13_ways_to_annoy_everyone_on_your_commute/,193
1n68ktk,reddit,"My new AiTrailer ""THE CROP""",tutorial,0.6,"{""comparison"": 0.2, ""tutorial"": 1.2, ""breakthrough"": 0.1, ""meme"": 0.2, ""personal"": 0.3}",2025-09-02T03:04:28Z,Mental-Spray-5263,https://www.reddit.com/r/aivideo/comments/1n68ktk/my_new_aitrailer_the_crop/,154
1lz70bh,reddit,That '70s Show… But With AI Villains,personal,0.3,"{""comparison"": 0.2, ""tutorial"": 0.2, ""breakthrough"": 0.1, ""meme"": 0.2, ""personal"": 0.3}",2025-07-13T23:22:19Z,EranMaRa,https://www.reddit.com/r/aivideo/comments/1lz70bh/that_70s_show_but_with_ai_villains/,90
1krl5qt,reddit,Living With a Psychopath,personal,0.3,"{""comparison"": 0.2, ""tutorial"": 0.2, ""breakthrough"": 0.1, ""meme"": 0.2, ""personal"": 0.3}",2025-05-21T00:53:04Z,deathismyslut,https://www.reddit.com/r/aivideo/comments/1krl5qt/living_with_a_psychopath/,79
1ly7eow,reddit,Echoes of Tomorrow:  The Glare of the Machine,personal,0.3,"{""comparison"": 0.2, ""tutorial"": 0.2, ""breakthrough"": 0.1, ""meme"": 0.2, ""personal"": 0.3}",2025-07-12T18:25:52Z,Cloud_Reviews,https://www.reddit.com/r/aivideo/comments/1ly7eow/echoes_of_tomorrow_the_glare_of_the_machine/,72
1lcwis2,reddit,Straight from the AI Summits in London &amp; Seoul: A Bleeding Edge Action Film,tutorial,0.6,"{""comparison"": 0.2, ""tutorial"": 1.2, ""breakthrough"": 0.1, ""meme"": 0.2, ""personal"": 0.3}",2025-06-16T15:55:18Z,damdamus,https://www.reddit.com/r/aivideo/comments/1lcwis2/straight_from_the_ai_summits_in_london_seoul_a/,73
1keuavd,reddit,Deconstruction Of The Fables,personal,0.3,"{""comparison"": 0.2, ""tutorial"": 0.2, ""breakthrough"": 0.1, ""meme"": 0.2, ""personal"": 0.3}",2025-05-04T21:00:28Z,numberchef,https://www.reddit.com/r/aivideo/comments/1keuavd/deconstruction_of_the_fables/,69
1km0rsf,reddit,ROOCKY - Rise Of The Meme,tutorial,0.55,"{""comparison"": 0.2, ""tutorial"": 2.2, ""breakthrough"": 0.1, ""meme"": 1.2, ""personal"": 0.3}",2025-05-13T23:30:46Z,flipflop-dude,https://www.reddit.com/r/aivideo/comments/1km0rsf/roocky_rise_of_the_meme/,67
1n0d52k,reddit,Animals Enjoying Cooking,personal,0.3,"{""comparison"": 0.2, ""tutorial"": 0.2, ""breakthrough"": 0.1, ""meme"": 0.2, ""personal"": 0.3}",2025-08-26T05:08:06Z,Formal-Volume-9687,https://www.reddit.com/r/aivideo/comments/1n0d52k/animals_enjoying_cooking/,58
1ndmyd8,reddit,One Piece Marineford Arc AI Trailer,breakthrough,0.55,"{""comparison"": 0.2, ""tutorial"": 0.2, ""breakthrough"": 1.1, ""meme"": 0.2, ""personal"": 0.3}",2025-09-10T18:53:59Z,Lazy-Investigator-60,https://www.reddit.com/r/aivideo/comments/1ndmyd8/one_piece_marineford_arc_ai_trailer/,53
1jxge7e,reddit,I made myself a Simpsons character with Sora and Higgsfield,personal,0.3,"{""comparison"": 0.2, ""tutorial"": 0.2, ""breakthrough"": 0.1, ""meme"": 0.2, ""personal"": 0.3}",2025-04-12T12:40:43Z,AppropriateLack4823,https://www.reddit.com/r/aivideo/comments/1jxge7e/i_made_myself_a_simpsons_character_with_sora_and/,43
1lcg1la,reddit,📒 AI VIDEO MAGAZINE - r/aivideo community newsletter - Exclusive Tutorials: How to make an AI VIDEO from scratch - How t,tutorial,0.867,"{""comparison"": 0.2, ""tutorial"": 5.2, ""breakthrough"": 0.1, ""meme"": 0.2, ""personal"": 0.3}",2025-06-16T01:03:35Z,ZashManson,https://www.reddit.com/r/aivideo/comments/1lcg1la/ai_video_magazine_raivideo_community_newsletter/,38
1myyobp,reddit,Higgsfield + Production is definitely something else,personal,0.3,"{""comparison"": 0.2, ""tutorial"": 0.2, ""breakthrough"": 0.1, ""meme"": 0.2, ""personal"": 0.3}",2025-08-24T15:32:02Z,aum3studios,https://www.reddit.com/r/aivideo/comments/1myyobp/higgsfield_production_is_definitely_something_else/,37
1lmgv76,reddit,Therapy,personal,0.325,"{""comparison"": 0.2, ""tutorial"": 1.2, ""breakthrough"": 0.1, ""meme"": 1.2, ""personal"": 1.3}",2025-06-28T07:23:28Z,tamaso,https://www.reddit.com/r/aivideo/comments/1lmgv76/therapy/,33
1kgltay,reddit,I want to Believe - Made Using Higgsfield,personal,0.3,"{""comparison"": 0.2, ""tutorial"": 0.2, ""breakthrough"": 0.1, ""meme"": 0.2, ""personal"": 0.3}",2025-05-07T01:47:53Z,AppropriateLack4823,https://www.reddit.com/r/aivideo/comments/1kgltay/i_want_to_believe_made_using_higgsfield/,34
1kistl8,reddit,Recreating the Bullet Time Shot—With AI,tutorial,0.7,"{""comparison"": 0.2, ""tutorial"": 4.2, ""breakthrough"": 0.1, ""meme"": 1.2, ""personal"": 0.3}",2025-05-09T20:44:01Z,EranMaRa,https://www.reddit.com/r/aivideo/comments/1kistl8/recreating_the_bullet_time_shotwith_ai/,31
1l4jnz7,reddit,SHORELiNE 7 - AI Sci-Fi short,personal,0.3,"{""comparison"": 0.2, ""tutorial"": 0.2, ""breakthrough"": 0.1, ""meme"": 0.2, ""personal"": 0.3}",2025-06-06T04:30:03Z,TrashCanRoxanne,https://www.reddit.com/r/aivideo/comments/1l4jnz7/shoreline_7_ai_scifi_short/,31
1kuggm1,reddit,🩸Vampire horror + liquid metal transformation made using Higgsfield AI🩸,personal,0.325,"{""comparison"": 0.2, ""tutorial"": 1.2, ""breakthrough"": 0.1, ""meme"": 1.2, ""personal"": 1.3}",2025-05-24T17:04:13Z,ThisIsDeeAI,https://www.reddit.com/r/aivideo/comments/1kuggm1/vampire_horror_liquid_metal_transformation_made/,25
1mvj6cw,reddit,Two For Two,meme,0.6,"{""comparison"": 0.2, ""tutorial"": 0.2, ""breakthrough"": 0.1, ""meme"": 1.2, ""personal"": 0.3}",2025-08-20T16:11:21Z,Loopnmix,https://www.reddit.com/r/aivideo/comments/1mvj6cw/two_for_two/,23
1m51i1z,reddit,DISASTER GIRL STRIKES AGAIN,tutorial,0.6,"{""comparison"": 0.2, ""tutorial"": 1.2, ""breakthrough"": 0.1, ""meme"": 0.2, ""personal"": 0.3}",2025-07-20T22:04:54Z,ParodyPulp,https://www.reddit.com/r/aivideo/comments/1m51i1z/disaster_girl_strikes_again/,24
1n4ut6g,reddit,Keona – Where Do We Go | 1-Shot Music Video,personal,0.3,"{""comparison"": 0.2, ""tutorial"": 0.2, ""breakthrough"": 0.1, ""meme"": 0.2, ""personal"": 0.3}",2025-08-31T13:31:54Z,OuterWorldsAI,https://www.reddit.com/r/aivideo/comments/1n4ut6g/keona_where_do_we_go_1shot_music_video/,23
1lfojz7,reddit,Origins of Poison Plains | Steampunk short with Horror elements,personal,0.3,"{""comparison"": 0.2, ""tutorial"": 0.2, ""breakthrough"": 0.1, ""meme"": 0.2, ""personal"": 0.3}",2025-06-19T22:55:25Z,AdComfortable5161,https://www.reddit.com/r/aivideo/comments/1lfojz7/origins_of_poison_plains_steampunk_short_with/,23
1jxpjgo,reddit,A Caveman Discovers Mining - Commercial,tutorial,0.44,"{""comparison"": 0.2, ""tutorial"": 2.2, ""breakthrough"": 0.1, ""meme"": 1.2, ""personal"": 1.3}",2025-04-12T19:39:33Z,deathismyslut,https://www.reddit.com/r/aivideo/comments/1jxpjgo/a_caveman_discovers_mining_commercial/,21
1kpwju5,reddit,Alice's Wonderland,personal,0.3,"{""comparison"": 0.2, ""tutorial"": 0.2, ""breakthrough"": 0.1, ""meme"": 0.2, ""personal"": 0.3}",2025-05-18T22:39:36Z,Cloud_Reviews,https://www.reddit.com/r/aivideo/comments/1kpwju5/alices_wonderland/,20
1n8ghc5,reddit,Nine Lives,personal,0.3,"{""comparison"": 0.2, ""tutorial"": 0.2, ""breakthrough"": 0.1, ""meme"": 0.2, ""personal"": 0.3}",2025-09-04T17:26:24Z,Automatic-Peanut-929,https://www.reddit.com/r/aivideo/comments/1n8ghc5/nine_lives/,20
1m468kn,reddit,Standup Tragedy with Bone Rivers,meme,0.6,"{""comparison"": 0.2, ""tutorial"": 0.2, ""breakthrough"": 0.1, ""meme"": 1.2, ""personal"": 0.3}",2025-07-19T20:30:16Z,scriptdog1,https://www.reddit.com/r/aivideo/comments/1m468kn/standup_tragedy_with_bone_rivers/,20
1lleojm,reddit,When you're late for class,personal,0.3,"{""comparison"": 0.2, ""tutorial"": 0.2, ""breakthrough"": 0.1, ""meme"": 0.2, ""personal"": 0.3}",2025-06-26T23:14:28Z,flipflop-dude,https://www.reddit.com/r/aivideo/comments/1lleojm/when_youre_late_for_class/,16
1kczgak,reddit,Agni Keli Ritual - India,personal,0.3,"{""comparison"": 0.2, ""tutorial"": 0.2, ""breakthrough"": 0.1, ""meme"": 0.2, ""personal"": 0.3}",2025-05-02T12:14:11Z,flipflop-dude,https://www.reddit.com/r/aivideo/comments/1kczgak/agni_keli_ritual_india/,17
1jzpw9t,reddit,Girl and the Robot [Robo Arm motion Control],personal,0.3,"{""comparison"": 0.2, ""tutorial"": 0.2, ""breakthrough"": 0.1, ""meme"": 0.2, ""personal"": 0.3}",2025-04-15T11:51:41Z,ultraboy22,https://www.reddit.com/r/aivideo/comments/1jzpw9t/girl_and_the_robot_robo_arm_motion_control/,15
1mw2hoq,reddit,Imagined Thai SPA ads,tutorial,0.55,"{""comparison"": 0.2, ""tutorial"": 2.2, ""breakthrough"": 0.1, ""meme"": 1.2, ""personal"": 0.3}",2025-08-21T05:38:15Z,Aggravating-Put-9464,https://www.reddit.com/r/aivideo/comments/1mw2hoq/imagined_thai_spa_ads/,13
1ksee5o,reddit,AI Music Video [ Chaos by Shaquille O'neal &amp; Gawne ],tutorial,0.6,"{""comparison"": 0.2, ""tutorial"": 1.2, ""breakthrough"": 0.1, ""meme"": 0.2, ""personal"": 0.3}",2025-05-22T01:09:10Z,flipflop-dude,https://www.reddit.com/r/aivideo/comments/1ksee5o/ai_music_video_chaos_by_shaquille_oneal_gawne/,13
1liktac,reddit,Pick up the Ball - Ai Short using Midjourney Video,personal,0.3,"{""comparison"": 0.2, ""tutorial"": 0.2, ""breakthrough"": 0.1, ""meme"": 0.2, ""personal"": 0.3}",2025-06-23T16:15:03Z,flipflop-dude,https://www.reddit.com/r/aivideo/comments/1liktac/pick_up_the_ball_ai_short_using_midjourney_video/,13
1kt4l8a,reddit,Case Closed as a Live Action,personal,0.3,"{""comparison"": 0.2, ""tutorial"": 0.2, ""breakthrough"": 0.1, ""meme"": 0.2, ""personal"": 0.3}",2025-05-22T23:01:01Z,Cloud_Reviews,https://www.reddit.com/r/aivideo/comments/1kt4l8a/case_closed_as_a_live_action/,12
1mx6lax,reddit,Varn Kelzo: Guy Fieri in Space,personal,0.3,"{""comparison"": 0.2, ""tutorial"": 0.2, ""breakthrough"": 0.1, ""meme"": 0.2, ""personal"": 0.3}",2025-08-22T13:30:42Z,TulpaTomb,https://www.reddit.com/r/aivideo/comments/1mx6lax/varn_kelzo_guy_fieri_in_space/,9
1lohm7o,reddit,Genesis_0 – Awakening | Official Short Film 🩸,personal,0.433,"{""comparison"": 0.2, ""tutorial"": 1.2, ""breakthrough"": 0.1, ""meme"": 0.2, ""personal"": 1.3}",2025-06-30T20:01:29Z,halimoai,https://www.reddit.com/r/aivideo/comments/1lohm7o/genesis_0_awakening_official_short_film/,10
1rxt56m,reddit,Higgsfield,personal,0.3,"{""comparison"": 0.2, ""tutorial"": 0.2, ""breakthrough"": 0.1, ""meme"": 0.2, ""personal"": 0.3}",2026-03-19T06:42:18Z,Unknownuser1621,https://www.reddit.com/r/Filmmakers/comments/1rxt56m/higgsfield/,0
1rmtvx7,reddit,FULL AI Music Video😵‍💫,personal,0.3,"{""comparison"": 0.2, ""tutorial"": 0.2, ""breakthrough"": 0.1, ""meme"": 0.2, ""personal"": 0.3}",2026-03-06T23:33:25Z,Yondre,https://www.reddit.com/r/Filmmakers/comments/1rmtvx7/full_ai_music_video/,0
1pqudde,reddit,HiggsField Introduces Cinema Studio,personal,0.65,"{""comparison"": 0.2, ""tutorial"": 0.2, ""breakthrough"": 0.1, ""meme"": 0.2, ""personal"": 1.3}",2025-12-19T19:43:28Z,AntelopeProper649,https://www.reddit.com/r/Filmmakers/comments/1pqudde/higgsfield_introduces_cinema_studio/,0
1r8lro9,reddit,Disgusting how many creators sell out to AI,tutorial,0.6,"{""comparison"": 0.2, ""tutorial"": 1.2, ""breakthrough"": 0.1, ""meme"": 0.2, ""personal"": 0.3}",2026-02-19T01:28:27Z,UniqueBaseball8524,https://www.reddit.com/r/videography/comments/1r8lro9/disgusting_how_many_creators_sell_out_to_ai/,103
1r49sae,reddit,Do I need to learn how to make “tough” edits?,tutorial,0.55,"{""comparison"": 0.2, ""tutorial"": 2.2, ""breakthrough"": 0.1, ""meme"": 0.2, ""personal"": 1.3}",2026-02-14T03:23:20Z,ShoeMedical43,https://www.reddit.com/r/videography/comments/1r49sae/do_i_need_to_learn_how_to_make_tough_edits/,1
1oapvpe,reddit,“This ASMR Isn’t Human — Higgsfield AI Just Redefined What ‘Realistic’ Sounds Like”,meme,0.6,"{""comparison"": 0.2, ""tutorial"": 0.2, ""breakthrough"": 0.1, ""meme"": 1.2, ""personal"": 0.3}",2025-10-19T13:38:41Z,thinkhamza,https://www.reddit.com/r/artificial/comments/1oapvpe/this_asmr_isnt_human_higgsfield_ai_just_redefined/,0
1pc7qqc,reddit,When you can prompt in or out characters in videos...it's kind of a WTF moment.,tutorial,0.6,"{""comparison"": 0.2, ""tutorial"": 1.2, ""breakthrough"": 0.1, ""meme"": 0.2, ""personal"": 0.3}",2025-12-02T12:57:12Z,Nervous-North2806,https://www.reddit.com/r/artificial/comments/1pc7qqc/when_you_can_prompt_in_or_out_characters_in/,0
