platform,source_type,source_file,comment_id,post_id,parent_id,created_at,author,body_text,score,depth,is_top_level,channel,official
reddit,comment,higgsfield_reddit_comments_2026-04-04.csv,mp2m4c3,1k80go8,t3_1k80go8,2025-04-26T01:17:33Z,Dismal_Strawberry282,The foot onto Quentin hahahahahahahaha,211,0,True,,False
reddit,comment,higgsfield_reddit_comments_2026-04-04.csv,mp2humv,1k80go8,t3_1k80go8,2025-04-26T00:52:02Z,spicynoodleboy00,incredible,46,0,True,,False
reddit,comment,higgsfield_reddit_comments_2026-04-04.csv,mp2jpvw,1k80go8,t3_1k80go8,2025-04-26T01:03:06Z,Bboy1045,Wow. This is amazing,26,0,True,,False
reddit,comment,higgsfield_reddit_comments_2026-04-04.csv,mp2l4mz,1k80go8,t3_1k80go8,2025-04-26T01:11:32Z,[deleted],[removed],21,0,True,,False
reddit,comment,higgsfield_reddit_comments_2026-04-04.csv,mp2w51e,1k80go8,t3_1k80go8,2025-04-26T02:17:17Z,ZhouLe,Midjourney doesn't quite know what Giancarlo Esposito and Antony Starr look like.,16,0,True,,False
reddit,comment,higgsfield_reddit_comments_2026-04-04.csv,mpdmat3,1k9e8ag,t3_1k9e8ag,2025-04-27T21:11:58Z,Vapr2014,A rock hitting Will Smith. Haha!,81,0,True,,False
reddit,comment,higgsfield_reddit_comments_2026-04-04.csv,mpeajl9,1k9e8ag,t3_1k9e8ag,2025-04-27T23:26:18Z,Unlucky_Ladder_9804,Punched Deadpool so hard his mouth came out.,60,0,True,,False
reddit,comment,higgsfield_reddit_comments_2026-04-04.csv,mpdoemf,1k9e8ag,t3_1k9e8ag,2025-04-27T21:23:13Z,Practical_Figure9759,This is incredible,27,0,True,,False
reddit,comment,higgsfield_reddit_comments_2026-04-04.csv,mpdtx4q,1k9e8ag,t3_1k9e8ag,2025-04-27T21:53:09Z,Expensive_Editor_244,Golf club hitting Joel is too soon lol,28,0,True,,False
reddit,comment,higgsfield_reddit_comments_2026-04-04.csv,mpe89f1,1k9e8ag,t3_1k9e8ag,2025-04-27T23:13:02Z,instaderp,The black glove holding the football that hit OJ.. 🤌🏼,16,0,True,,False
reddit,comment,higgsfield_reddit_comments_2026-04-04.csv,mrr0eev,1kk1nhs,t3_1kk1nhs,2025-05-11T14:01:30Z,Lower-Enthusiasm6607,We got Gta 6 trailer 3 before gta 6,151,0,True,,False
reddit,comment,higgsfield_reddit_comments_2026-04-04.csv,mrrvk39,1kk1nhs,t3_1kk1nhs,2025-05-11T16:49:48Z,dmadmin,"post this at GTA6 sub, they will go crazy. This is top quality.",93,0,True,,False
reddit,comment,higgsfield_reddit_comments_2026-04-04.csv,mrrfgp6,1kk1nhs,t3_1kk1nhs,2025-05-11T15:23:58Z,_stevencasteel_,"Such a good way to get ideas for animation and camera angles and such.

Rockstar (and other devs and creatives) could do this for scenes they are about to spend a month working on, getting a high fidelity pre-vis storyboard to work and draw inspiration from.",25,0,True,,False
reddit,comment,higgsfield_reddit_comments_2026-04-04.csv,mrrrs2m,1kk1nhs,t3_1kk1nhs,2025-05-11T16:29:39Z,buddylee00700,Crazy thing is this will be the future of games someday. Using AI to create it on the fly. Kind of reminds me of the holodeck in Star Trek where you set the scene/gameplay and AI creates it on the fly.,20,0,True,,False
reddit,comment,higgsfield_reddit_comments_2026-04-04.csv,mrrc0o5,1kk1nhs,t3_1kk1nhs,2025-05-11T15:05:50Z,SupperTime,Insanity.,9,0,True,,False
reddit,comment,higgsfield_reddit_comments_2026-04-04.csv,n9npd3i,1mux2km,t3_1mux2km,2025-08-20T04:31:52Z,[deleted],Finally some ai content that isn't about ai,23,0,True,,False
reddit,comment,higgsfield_reddit_comments_2026-04-04.csv,n9neoe3,1mux2km,t3_1mux2km,2025-08-20T03:14:50Z,wukwukwukwuk,This was class.,7,0,True,,False
reddit,comment,higgsfield_reddit_comments_2026-04-04.csv,n9ofrmv,1mux2km,t3_1mux2km,2025-08-20T08:35:04Z,Philipp,"Very well done, made me laugh!

Small error on the end credits -- you probably meant to say ""Voice"" or ""Audio"" for ElevenLabs, not ""Video"".

A note on ""locking eyes""... in a full tram it's damn hard to avoid accidentally looking at someone when you're not tied to your mobile phone screen. Even looking out you'll lock eyes in the tunnel window reflection 😅",5,0,True,,False
reddit,comment,higgsfield_reddit_comments_2026-04-04.csv,n9ozf9u,1mux2km,t3_1mux2km,2025-08-20T11:28:21Z,Sanic-At-The-Disco,This is so well done. Bravo. And thank you for sharing tools in the credits!,3,0,True,,False
reddit,comment,higgsfield_reddit_comments_2026-04-04.csv,n9nzcxb,1mux2km,t3_1mux2km,2025-08-20T05:57:33Z,Conscious_Public,🔥,2,0,True,,False
reddit,comment,higgsfield_reddit_comments_2026-04-04.csv,nbyyiwa,1n68ktk,t3_1n68ktk,2025-09-02T06:24:37Z,Fit-Possible-3186,"great job!!…but can someone please make something that’s not doom&amp;gloom all the time, dystopian…starts to feel real exhausting",12,0,True,,False
reddit,comment,higgsfield_reddit_comments_2026-04-04.csv,nbyp7ry,1n68ktk,t3_1n68ktk,2025-09-02T05:01:47Z,[deleted],[removed],5,0,True,,False
reddit,comment,higgsfield_reddit_comments_2026-04-04.csv,nc03grp,1n68ktk,t3_1n68ktk,2025-09-02T12:22:27Z,Spiritual_Screen_724,"Meh… I've seen so many videos with the same dystopian sci fi aesthetic. With that weird ultra-polished fake-gritty look that only AI produces.

It stops being interesting. This kind of stuff is going to give people burnout.

And then we'll all look back on this kind of stuff as a very dated kind of thing where you can instantly recognize when it was made. Like 1970s architecture lol.",5,0,True,,False
reddit,comment,higgsfield_reddit_comments_2026-04-04.csv,nbycyzh,1n68ktk,t3_1n68ktk,2025-09-02T03:28:15Z,AddressOne276,"What I would enjoy about a movie like this is, no known popular actors. It helps you focus on the actual plot. Great job. I’d watch it.",2,0,True,,False
reddit,comment,higgsfield_reddit_comments_2026-04-04.csv,nbyox55,1n68ktk,t3_1n68ktk,2025-09-02T04:59:19Z,Afraid_Oil_7386,"Needs work on the sound design mixing but other than that, BEAUTIFUL.",3,0,True,,False
reddit,comment,higgsfield_reddit_comments_2026-04-04.csv,n30xxzy,1lz70bh,t3_1lz70bh,2025-07-14T05:10:22Z,Reginald_Sockpuppet,Marvin is absolutely not a villain,12,0,True,,False
reddit,comment,higgsfield_reddit_comments_2026-04-04.csv,n30obhl,1lz70bh,t3_1lz70bh,2025-07-14T03:56:34Z,BivStudios,Great work.,5,0,True,,False
reddit,comment,higgsfield_reddit_comments_2026-04-04.csv,n31nzx5,1lz70bh,t3_1lz70bh,2025-07-14T09:12:41Z,Away_Hippo_2326,ai struggling to not turn arnold into john cena,3,0,True,,False
reddit,comment,higgsfield_reddit_comments_2026-04-04.csv,n33i8yu,1lz70bh,t3_1lz70bh,2025-07-14T16:04:41Z,SupperTime,"I don't know if it was very unfunny, or I'm just out of touch with comedy.",5,0,True,,False
reddit,comment,higgsfield_reddit_comments_2026-04-04.csv,n30vsc1,1lz70bh,t3_1lz70bh,2025-07-14T04:52:57Z,FamiliarKnowledge,lol im loving it,3,0,True,,False
reddit,comment,higgsfield_reddit_comments_2026-04-04.csv,mteitin,1krl5qt,t3_1krl5qt,2025-05-21T01:53:27Z,TheEnlightenedOne777,Very powerful special effects. Definitely the right type of mystical energy patterns that I would attribute to dimensional portal energy 👍,4,0,True,,False
reddit,comment,higgsfield_reddit_comments_2026-04-04.csv,mtjfmxj,1krl5qt,t3_1krl5qt,2025-05-21T20:42:46Z,mediaucts,lol,2,0,True,,False
reddit,comment,higgsfield_reddit_comments_2026-04-04.csv,mtqpeys,1krl5qt,t3_1krl5qt,2025-05-22T23:06:20Z,Guilty_Position5295,Jesus how long did this take to make?,2,0,True,,False
reddit,comment,higgsfield_reddit_comments_2026-04-04.csv,n2rsu24,1ly7eow,t3_1ly7eow,2025-07-12T18:51:20Z,FirstEvolutionist,"Not many people who watch will understand my reference, and not many who understand will watch. The overlap will likely not bother to try and explaib to you: you (or rather the model you are using) is using a literary device. You might be familiar with it from villain speeches anywhere from books and comics, to movies and series.

Then, it is interspersed with gory and shocking images. They were shocking at least, when they were rare. Everyone is desensitized now. The child voice is no longer creepy or scary, just mildly irritating.

Without context, and with the flood of similar output from the same models no matter who's prompting, these short videos are too many to count. They no longer have any impact, no matter how small they had to begin with.

Do they look nice? And cool, and edgy? Sure. And I say this with no disrespect to you or your effort, whatever it was: neat! you made something! I hope you learned from the experience and you continue making more stuff and having fun, if """,8,0,True,,False
reddit,comment,higgsfield_reddit_comments_2026-04-04.csv,n2t0pdz,1ly7eow,t3_1ly7eow,2025-07-12T22:52:45Z,[deleted],Najsss,2,0,True,,False
reddit,comment,higgsfield_reddit_comments_2026-04-04.csv,n2v0ihk,1ly7eow,t3_1ly7eow,2025-07-13T07:18:20Z,TwizztheClown,Wow sick I love that,2,0,True,,False
reddit,comment,higgsfield_reddit_comments_2026-04-04.csv,my73hyo,1lcwis2,t3_1lcwis2,2025-06-17T02:37:46Z,Initial-Fact5216,Thank God there is still gatekeeping in Hollywood.,6,0,True,,False
reddit,comment,higgsfield_reddit_comments_2026-04-04.csv,my3nfw5,1lcwis2,t3_1lcwis2,2025-06-16T16:04:41Z,Kingkwon83,"This is pretty rad.

How do you get consistency using several different image generators?

Also as a beginner, why do you need to use so many different animation platforms?",3,0,True,,False
reddit,comment,higgsfield_reddit_comments_2026-04-04.csv,my4u60e,1lcwis2,t3_1lcwis2,2025-06-16T19:25:43Z,ArtArtArt123456,"really well paced. the music also carries it a lot tbh. you say unreleased, where did you get it? some parts fit incredibly well, like the sirens at 4:50.

it falls a bit flat at the end due to the action sequences, particularly the hand to hand with the two women. 

but again, great pacing and buildup. i can see that the next big thing after random twitch-esque videos are going to be music videos like this that are reminiscent of AMVs of the past.",2,0,True,,False
reddit,comment,higgsfield_reddit_comments_2026-04-04.csv,my54p68,1lcwis2,t3_1lcwis2,2025-06-16T20:16:52Z,[deleted],"People still do not get it, even people, who know how to make a movie. The biggest issue is consistency. So you have to make all frames with one character as one long shot, although it may look as a mess, to keep the character consistent. Even like that other characters will not be consistent. So that is the challenge. And the edit will be much more complex.",2,0,True,,False
reddit,comment,higgsfield_reddit_comments_2026-04-04.csv,my5583p,1lcwis2,t3_1lcwis2,2025-06-16T20:19:23Z,Minute-Method-1829,"It's cool that you found a way to keep it semi-consistant. The whole tech-stack seems rather pricey, how much did you pay for all those subscriptions?   
I think mo-capping and reimagineing scenes that were blocked in blender beforehand will be the meta for the near future, atleast for the people that want to actually do movies and not just vlogs or random compilations with narrations, any thoughts about this?",1,0,True,,False
reddit,comment,higgsfield_reddit_comments_2026-04-04.csv,mqmkl4d,1keuavd,t3_1keuavd,2025-05-05T00:19:53Z,WhooHippo,"Madness! Haha, I love it.",2,0,True,,False
reddit,comment,higgsfield_reddit_comments_2026-04-04.csv,mqnsv24,1keuavd,t3_1keuavd,2025-05-05T05:20:51Z,tunemanjjw,Dude that was so wild 🤯,2,0,True,,False
reddit,comment,higgsfield_reddit_comments_2026-04-04.csv,mr0re8u,1keuavd,t3_1keuavd,2025-05-07T05:52:13Z,Philface73,"...""and that's the reason I've come late to school, ma'am"".",2,0,True,,False
reddit,comment,higgsfield_reddit_comments_2026-04-04.csv,mr4f29p,1keuavd,t3_1keuavd,2025-05-07T19:48:28Z,Creepy-Criticism7204,I lolled so hard and I'm not even sure why... 🤣👍,2,0,True,,False
reddit,comment,higgsfield_reddit_comments_2026-04-04.csv,mrdjyg1,1keuavd,t3_1keuavd,2025-05-09T05:58:23Z,[deleted],Great to watch when you’re stoned. Dying 💀,2,0,True,,False
reddit,comment,higgsfield_reddit_comments_2026-04-04.csv,ms764c5,1km0rsf,t3_1km0rsf,2025-05-14T01:49:02Z,Most-Assistance-1388,this is one best ai videos I've ever seen !,2,0,True,,False
reddit,comment,higgsfield_reddit_comments_2026-04-04.csv,ms97xal,1km0rsf,t3_1km0rsf,2025-05-14T12:00:56Z,[deleted],Utterly brilliant.,2,0,True,,False
reddit,comment,higgsfield_reddit_comments_2026-04-04.csv,msa4e32,1km0rsf,t3_1km0rsf,2025-05-14T15:01:32Z,[deleted],"And people say AI isn't real art

Exactly what I needed to start my day brother that was badass, very inspirational",1,0,True,,False
reddit,comment,higgsfield_reddit_comments_2026-04-04.csv,msa6ap5,1km0rsf,t3_1km0rsf,2025-05-14T15:10:52Z,ksrothwell,Peak AI here.,1,0,True,,False
reddit,comment,higgsfield_reddit_comments_2026-04-04.csv,msbfx8i,1km0rsf,t3_1km0rsf,2025-05-14T18:48:05Z,WindowWorried223,Best AI stuff I've seen,1,0,True,,False
reddit,comment,higgsfield_reddit_comments_2026-04-04.csv,naq5kup,1n0d52k,t3_1n0d52k,2025-08-26T07:45:03Z,Sil369,![gif](giphy|srBH5iwo7W15C),3,0,True,,False
reddit,comment,higgsfield_reddit_comments_2026-04-04.csv,napw6on,1n0d52k,t3_1n0d52k,2025-08-26T06:14:53Z,dubgards,This looks great!,2,0,True,,False
reddit,comment,higgsfield_reddit_comments_2026-04-04.csv,ndmc2gh,1ndmyd8,t3_1ndmyd8,2025-09-11T11:58:48Z,Grosjeaner,Looks much better than the Netflix joke that's for sure.,6,0,True,,False
reddit,comment,higgsfield_reddit_comments_2026-04-04.csv,ndoew5l,1ndmyd8,t3_1ndmyd8,2025-09-11T18:18:25Z,LordMemerton1,Damn this was kick ass,4,0,True,,False
reddit,comment,higgsfield_reddit_comments_2026-04-04.csv,ndklr7i,1ndmyd8,t3_1ndmyd8,2025-09-11T03:15:44Z,conquerfears,That was amazing! Could you share a bit of your workflow?,3,0,True,,False
reddit,comment,higgsfield_reddit_comments_2026-04-04.csv,ndkqgse,1ndmyd8,t3_1ndmyd8,2025-09-11T03:47:32Z,StupidIncarnate,"Im not much of a one piece fan and id watch the heck outta this. The ai ""texturing"" issues actually work in favor for this series where its dealing with human and non human figures in the same scene. 


This is on pair with a full cgi movie look. Great work.",3,0,True,,False
reddit,comment,higgsfield_reddit_comments_2026-04-04.csv,ndo04y4,1ndmyd8,t3_1ndmyd8,2025-09-11T17:10:41Z,ajdude711,It’s missing some Zehahahahah,3,0,True,,False
reddit,comment,higgsfield_reddit_comments_2026-04-04.csv,mmsdpr3,1jxge7e,t3_1jxge7e,2025-04-12T20:15:19Z,[deleted],Is the audio AI too? I'm new to all this,1,0,True,,False
reddit,comment,higgsfield_reddit_comments_2026-04-04.csv,mn829zh,1jxge7e,t3_1jxge7e,2025-04-15T12:36:58Z,Only-Heart-4305,Is the video made with Sora or Higgsfield?,1,0,True,,False
reddit,comment,higgsfield_reddit_comments_2026-04-04.csv,my44zpg,1lcg1la,t3_1lcg1la,2025-06-16T17:27:39Z,talkboys,🔥🔥🔥,6,0,True,,False
reddit,comment,higgsfield_reddit_comments_2026-04-04.csv,ncw2cnv,1lcg1la,t3_1lcg1la,2025-09-07T11:53:52Z,Consistent_Toe6378,cool,4,0,True,,False
reddit,comment,higgsfield_reddit_comments_2026-04-04.csv,nwin2li,1lcg1la,t3_1lcg1la,2025-12-29T09:10:05Z,FinancePorn,I wish I had  this zine 2 years ago. I would have saved  alot of R&amp;D. I really appreciated the orangemadcat man or who mentioned that the SORA story board and VEO 3.1 generation is the exact tool set i use on my final renderings. In order to achieve consistency.,4,0,True,,False
reddit,comment,higgsfield_reddit_comments_2026-04-04.csv,o72q50p,1lcg1la,t3_1lcg1la,2026-02-24T03:36:04Z,strangeflow,Anyone make films for albums/mixsets? Ai alternatives toThe Wall/Yellow Submarine could be dope,2,0,True,,False
reddit,comment,higgsfield_reddit_comments_2026-04-04.csv,nafgo5s,1myyobp,t3_1myyobp,2025-08-24T15:45:43Z,Disastrous-Elk-3467,this is just awesome... can you share the prompts used,5,0,True,,False
reddit,comment,higgsfield_reddit_comments_2026-04-04.csv,nafejg5,1myyobp,t3_1myyobp,2025-08-24T15:34:45Z,[deleted],[removed],2,0,True,,False
reddit,comment,higgsfield_reddit_comments_2026-04-04.csv,nam4j7h,1myyobp,t3_1myyobp,2025-08-25T17:09:18Z,Afraid_Oil_7386,How long?,1,0,True,,False
reddit,comment,higgsfield_reddit_comments_2026-04-04.csv,nax5cxf,1myyobp,t3_1myyobp,2025-08-27T09:57:34Z,RepulsiveCulture7397,What do you think about higgsfield ? Is it actually worth to purchase (compared for example with Flow ai or stuff like that)?,1,0,True,,False
reddit,comment,higgsfield_reddit_comments_2026-04-04.csv,n0bz3vt,1lmgv76,t3_1lmgv76,2025-06-29T00:44:31Z,FreshDrama3024,Not bad,2,0,True,,False
reddit,comment,higgsfield_reddit_comments_2026-04-04.csv,mqzsgqy,1kgltay,t3_1kgltay,2025-05-07T01:47:55Z,AutoModerator,"Hi u/AppropriateLack4823 , **PLEASE READ THIS CAREFULLY:**
- if this is a **NEW TOOL** post, please **include the name of the new tool in the comments** before this post is approved
- if this is a new AI VIDEO generator tool, it must be at the same quality level of SORA, MINIMAX and KLING in order for the tool to be introduced to the community, otherwise the tool is arriving outdated to the market
Thank you!

*I am a bot, and this action was performed automatically. Please [contact the moderators of this subreddit](/message/compose/?to=/r/aivideo) if you have any questions or concerns.*",1,0,True,,False
reddit,comment,higgsfield_reddit_comments_2026-04-04.csv,mrj09qi,1kistl8,t3_1kistl8,2025-05-10T02:42:59Z,Cyberzakk,How long did this take you from start to finish? Just trying to gauge what the workload is like with something like this,3,0,True,,False
reddit,comment,higgsfield_reddit_comments_2026-04-04.csv,mrhcxm3,1kistl8,t3_1kistl8,2025-05-09T20:44:34Z,EranMaRa,Here's the BTS [https://youtu.be/gLs3\_X0eZQo](https://youtu.be/gLs3_X0eZQo),2,0,True,,False
reddit,comment,higgsfield_reddit_comments_2026-04-04.csv,ms2crcs,1kistl8,t3_1kistl8,2025-05-13T09:57:25Z,ChemicalConfident780,Wow,2,0,True,,False
reddit,comment,higgsfield_reddit_comments_2026-04-04.csv,nl36vqh,1kistl8,t3_1kistl8,2025-10-24T05:29:38Z,SpecificAioli3882,"Hey! Nice — this is really clean AI footage. Everything is smooth and looks so real! I’d like to create something quite similar. I already have my own real footage of a subject doing that iconic slow-motion move, but now I’d like to add bullet trail VFX to it using AI, since I don’t have proper VFX skills. Do you have any advice on how I could do that? Thanks a lot!",1,0,True,,False
reddit,comment,higgsfield_reddit_comments_2026-04-04.csv,mwac4t8,1l4jnz7,t3_1l4jnz7,2025-06-06T09:17:22Z,AGM_GM,"Visually, it's a very cool creation. The sound was also great. Still had that feel of a video mixed together from cool AI visuals because they're cool AI visuals rather than being a short film that has a story or concept to drive it, but it looks and sounded great.",7,0,True,,False
reddit,comment,higgsfield_reddit_comments_2026-04-04.csv,mw9ha37,1l4jnz7,t3_1l4jnz7,2025-06-06T04:32:12Z,TrashCanRoxanne,YouTube link for the 4K experience --- [https://youtu.be/DKEuYZFbFss](https://youtu.be/DKEuYZFbFss),2,0,True,,False
reddit,comment,higgsfield_reddit_comments_2026-04-04.csv,mwcqgcu,1l4jnz7,t3_1l4jnz7,2025-06-06T17:42:46Z,Savings-Astronaut-93,Brilliant. Looks like right in front of Innsmouth.,2,0,True,,False
reddit,comment,higgsfield_reddit_comments_2026-04-04.csv,mwe91tt,1l4jnz7,t3_1l4jnz7,2025-06-06T22:23:57Z,Upstairs-Law-3661,How long did this take you to make?,1,0,True,,False
reddit,comment,higgsfield_reddit_comments_2026-04-04.csv,mu1dav9,1kuggm1,t3_1kuggm1,2025-05-24T17:13:54Z,ThisIsDeeAI,New tool = Higgsfield AI,2,0,True,,False
reddit,comment,higgsfield_reddit_comments_2026-04-04.csv,mu1bh45,1kuggm1,t3_1kuggm1,2025-05-24T17:04:18Z,AutoModerator,"Hi u/ThisIsDeeAI , **PLEASE READ THIS CAREFULLY:**
- if this is a **NEW TOOL** post, please **include the name of the new tool in the comments** before this post is approved
- if this is a new AI VIDEO generator tool, it must be at the same quality level of SORA, MINIMAX and KLING in order for the tool to be introduced to the community, otherwise the tool is arriving outdated to the market
Thank you!

*I am a bot, and this action was performed automatically. Please [contact the moderators of this subreddit](/message/compose/?to=/r/aivideo) if you have any questions or concerns.*",1,0,True,,False
reddit,comment,higgsfield_reddit_comments_2026-04-04.csv,nakqrk0,1mvj6cw,t3_1mvj6cw,2025-08-25T12:53:13Z,BetterPassion7113,![gif](giphy|ngaNwpeYG0XHzBpMXN),2,0,True,,False
reddit,comment,higgsfield_reddit_comments_2026-04-04.csv,n9qji9u,1mvj6cw,t3_1mvj6cw,2025-08-20T16:26:42Z,WildSpiritedRose,"That was really good, it flowed nicely and it's crazy realistic - nice work! Actually would love to see more of this story.",1,0,True,,False
reddit,comment,higgsfield_reddit_comments_2026-04-04.csv,n9ugydb,1mvj6cw,t3_1mvj6cw,2025-08-21T05:42:04Z,Golf-Mundane,All Shots are AI Generated?,1,0,True,,False
reddit,comment,higgsfield_reddit_comments_2026-04-04.csv,n9vq1dy,1mvj6cw,t3_1mvj6cw,2025-08-21T12:16:59Z,bethesda_gamer,"Did bro go to the girlfriend store? Comon... visually good and proof of concept, yes, but major lack of nuance, depth, and realism. Imo.",1,0,True,,False
reddit,comment,higgsfield_reddit_comments_2026-04-04.csv,n48mm2w,1m51i1z,t3_1m51i1z,2025-07-20T22:05:00Z,AutoModerator,"Hi u/ParodyPulp , **PLEASE READ THIS CAREFULLY:**
- if this is a **NEW TOOL** post, please **include the name of the new tool in the comments** before this post is approved
- if this is a new AI VIDEO generator tool, it must be at the same quality level of SORA, MINIMAX and KLING in order for the tool to be introduced to the community, otherwise the tool is arriving outdated to the market
Thank you!

*I am a bot, and this action was performed automatically. Please [contact the moderators of this subreddit](/message/compose/?to=/r/aivideo) if you have any questions or concerns.*",1,0,True,,False
reddit,comment,higgsfield_reddit_comments_2026-04-04.csv,n4yvboy,1m51i1z,t3_1m51i1z,2025-07-24T20:41:10Z,BM09,"How dare they not allow kids!
How dare they not give me free ice cream!
How dare they poke at my teeth!
How dare they build a bigger and better sand castle than me!",1,0,True,,False
reddit,comment,higgsfield_reddit_comments_2026-04-04.csv,nboqbv5,1n4ut6g,t3_1n4ut6g,2025-08-31T16:30:11Z,every_name_is_tkn,![gif](giphy|1dajO3XEzCnHUN58YL),2,0,True,,False
reddit,comment,higgsfield_reddit_comments_2026-04-04.csv,nbtiupk,1n4ut6g,t3_1n4ut6g,2025-09-01T11:26:37Z,Ok-Adhesiveness-4141,I like it.,1,0,True,,False
reddit,comment,higgsfield_reddit_comments_2026-04-04.csv,nc6cn14,1n4ut6g,t3_1n4ut6g,2025-09-03T11:40:47Z,Raftaar761,Can you please help me with the process? Or prompt examples?,1,0,True,,False
reddit,comment,higgsfield_reddit_comments_2026-04-04.csv,mypr9g7,1lfojz7,t3_1lfojz7,2025-06-19T22:56:07Z,AdComfortable5161,"You can see the 4k version here:  
[https://www.youtube.com/watch?v=rcvpHO73jH8](https://www.youtube.com/watch?v=rcvpHO73jH8)",1,0,True,,False
reddit,comment,higgsfield_reddit_comments_2026-04-04.csv,nzdyecf,1lfojz7,t3_1lfojz7,2026-01-13T17:45:12Z,PlentyOk9851,"True, I think it works well with things that aren't supposed to look completely realistic.",1,0,True,,False
reddit,comment,higgsfield_reddit_comments_2026-04-04.csv,mneq0na,1jxpjgo,t3_1jxpjgo,2025-04-16T13:49:12Z,Zealousgremlin,"Super impressed by this! Nice job.


Did you charge the same, less, or more for this vs your regular work?",2,0,True,,False
reddit,comment,higgsfield_reddit_comments_2026-04-04.csv,mt1n0i0,1kpwju5,t3_1kpwju5,2025-05-19T00:41:35Z,Joker_AoCAoDAoHAoS,"Caterpillar:  ""Sorry, got a little out of control there for a minute.""

![gif](giphy|DURbX7oesHiaA)",1,0,True,,False
reddit,comment,higgsfield_reddit_comments_2026-04-04.csv,n420jjg,1m468kn,t3_1m468kn,2025-07-19T20:41:05Z,oredlom,Nice work,3,0,True,,False
reddit,comment,higgsfield_reddit_comments_2026-04-04.csv,n4239xq,1m468kn,t3_1m468kn,2025-07-19T20:55:53Z,karlpilkington4,"Great stuff! I like using dreamina versus hedra for animal lip synch, it seems to work a lot better.",4,0,True,,False
reddit,comment,higgsfield_reddit_comments_2026-04-04.csv,n42qm0t,1m468kn,t3_1m468kn,2025-07-19T23:08:04Z,curious-scribe-2828,"When I read ""Bone Rivers"", I thought we were going to get a Crypt Keeper version of Joan from her grave.

Too soon?",2,0,True,,False
reddit,comment,higgsfield_reddit_comments_2026-04-04.csv,n00zfxn,1lleojm,t3_1lleojm,2025-06-27T07:35:34Z,sandiMexicola,That guy must have been really late! I like how you had the title wave behind him and then transitioned into him surfing! 🌊,1,0,True,,False
reddit,comment,higgsfield_reddit_comments_2026-04-04.csv,n0291ka,1lleojm,t3_1lleojm,2025-06-27T13:31:58Z,Liqhthouse,"This actually inspires me to make a ""How my parents say they got to school"" video. Could show them crossing mountains, going uphill, carrying 2 backpacks, fighting a dinosaur etc",1,0,True,,False
reddit,comment,higgsfield_reddit_comments_2026-04-04.csv,n02bn04,1lleojm,t3_1lleojm,2025-06-27T13:45:49Z,hallucineet9000,You must live very far from your class. But why??!,1,0,True,,False
reddit,comment,higgsfield_reddit_comments_2026-04-04.csv,mq6oful,1kczgak,t3_1kczgak,2025-05-02T12:27:03Z,Pristine_Charity2336,"I noticed that while it’s not perfect SORA seems to give a lot more professional cinematic videography angles, more dynamic than the other models. This is awesome!!",3,0,True,,False
reddit,comment,higgsfield_reddit_comments_2026-04-04.csv,mq6og5h,1kczgak,t3_1kczgak,2025-05-02T12:27:06Z,Primary-Ad-5843,"I can see how it's going, but cannot imagine how an event like that would start or end.",1,0,True,,False
reddit,comment,higgsfield_reddit_comments_2026-04-04.csv,mn7vkjs,1jzpw9t,t3_1jzpw9t,2025-04-15T11:51:50Z,AutoModerator,"Hi u/ultraboy22 , **PLEASE READ THIS CAREFULLY:**
- if this is a **NEW TOOL** post, please **include the name of the new tool in the comments** before this post is approved
- if this is a new AI VIDEO generator tool, it must be at the same quality level of SORA, MINIMAX and KLING in order for the tool to be introduced to the community, otherwise the tool is arriving outdated to the market
Thank you!

*I am a bot, and this action was performed automatically. Please [contact the moderators of this subreddit](/message/compose/?to=/r/aivideo) if you have any questions or concerns.*",1,0,True,,False
reddit,comment,higgsfield_reddit_comments_2026-04-04.csv,mn7vstn,1jzpw9t,t3_1jzpw9t,2025-04-15T11:53:28Z,ultraboy22,Robo Arm motion control made in Higgsfield AI.,1,0,True,,False
reddit,comment,higgsfield_reddit_comments_2026-04-04.csv,mzhwft8,1liktac,t3_1liktac,2025-06-24T11:53:07Z,Ok_Fudge_1504,Pure cinema! Well done I really enjoyed it.,2,0,True,,False
reddit,comment,higgsfield_reddit_comments_2026-04-04.csv,mzhsp4n,1liktac,t3_1liktac,2025-06-24T11:27:06Z,pure_Jedi,"Wow. This is brilliant. I'm not saying it's perfect but for an AI-short film, you did an amazing friggin job prompting, selecting the best clips, knitting them together in a heartfelt story with the right music and lyrics. 9.1/10!",1,0,True,,False
reddit,comment,higgsfield_reddit_comments_2026-04-04.csv,mtqqflp,1kt4l8a,t3_1kt4l8a,2025-05-22T23:12:05Z,RoninX70,This stuff blows my mind everyday.,2,0,True,,False
reddit,comment,higgsfield_reddit_comments_2026-04-04.csv,mtvmce1,1kt4l8a,t3_1kt4l8a,2025-05-23T18:15:12Z,[deleted],[deleted],1,0,True,,False
reddit,comment,higgsfield_reddit_comments_2026-04-04.csv,n0mynqz,1lohm7o,t3_1lohm7o,2025-06-30T20:08:52Z,[deleted],This is so cool! 👀👀👀,2,0,True,,False
reddit,comment,higgsfield_reddit_comments_2026-04-04.csv,n0otl5t,1lohm7o,t3_1lohm7o,2025-07-01T02:12:40Z,Dnakyz7,looking forward to it!!,2,0,True,,False
reddit,comment,higgsfield_reddit_comments_2026-04-04.csv,obaj8gf,1rxt56m,t3_1rxt56m,2026-03-19T12:27:41Z,SapToFiction,"You won't get any help from this community, they're anti AI ",1,0,True,,False
reddit,comment,higgsfield_reddit_comments_2026-04-04.csv,o9298b9,1rmtvx7,t3_1rmtvx7,2026-03-07T00:22:33Z,thebluepages,"Here's some feedback: fuck AI, everyone who uses it is pathetic, didn't watch, never will.",4,0,True,,False
reddit,comment,higgsfield_reddit_comments_2026-04-04.csv,o92a8ht,1rmtvx7,t3_1rmtvx7,2026-03-07T00:28:29Z,AgentOBrien,Fuck offffff,2,0,True,,False
reddit,comment,higgsfield_reddit_comments_2026-04-04.csv,o92arbs,1rmtvx7,t3_1rmtvx7,2026-03-07T00:31:36Z,doteman,"Definitely looks like shitty AI, you nailed it. ",1,0,True,,False
reddit,comment,higgsfield_reddit_comments_2026-04-04.csv,o9fdkhg,1rmtvx7,t3_1rmtvx7,2026-03-09T03:01:34Z,CoOpWriterEX,Post about AI# 997498759439!,1,0,True,,False
reddit,comment,higgsfield_reddit_comments_2026-04-04.csv,o9tzswv,1rmtvx7,t3_1rmtvx7,2026-03-11T11:00:05Z,Big-Victory-3948,"Yo you might be on the wrong forum for this. This would be decent for previs before shooting.

Did it take you long to make this I wonder? Stay on it!",1,0,True,,False
reddit,comment,higgsfield_reddit_comments_2026-04-04.csv,nux0gup,1pqudde,t3_1pqudde,2025-12-19T19:49:29Z,TheLastTrain,"My thoughts are that gen AI has managed to combine all the worst traits of endgame capitalism, and neat tools aren’t enough to cancel that out",11,0,True,,False
reddit,comment,higgsfield_reddit_comments_2026-04-04.csv,nux0n96,1pqudde,t3_1pqudde,2025-12-19T19:50:24Z,npeers,Put this garbage somewhere else,8,0,True,,False
reddit,comment,higgsfield_reddit_comments_2026-04-04.csv,nux13xl,1pqudde,t3_1pqudde,2025-12-19T19:52:49Z,kodachrome16mm,lipstick on a pig,5,0,True,,False
reddit,comment,higgsfield_reddit_comments_2026-04-04.csv,nux2k42,1pqudde,t3_1pqudde,2025-12-19T20:00:20Z,TheLastTrain,"&gt;I am not a professional filmmaker

yeah we know lol

&gt;just experimenting with the tools

no you're not",3,0,True,,False
reddit,comment,higgsfield_reddit_comments_2026-04-04.csv,o65y96q,1r8lro9,t3_1r8lro9,2026-02-19T01:32:46Z,Videoplushair,They reached out to me and I’m a small creator. I will never participate in their BS.,32,0,True,,False
reddit,comment,higgsfield_reddit_comments_2026-04-04.csv,o67c1dg,1r8lro9,t3_1r8lro9,2026-02-19T07:10:01Z,PackageBulky1,"I see viewers and consumers calling out gen AI slop a lot, I hope it carries on. I hope creators keep refusing to use it because the only people who are pushing for it are the clients and corporations who don’t care about the craft and can save themselves more pennies.

AI is opening the floodgates for millions of unskilled people with zero creativity to take our jobs and AI companies are making it easier and easier every day for that to happen.

This will leave fewer clients wanting quality hardwood with pure craftsmanship over cheap mass produced cardboard furniture.",16,0,True,,False
reddit,comment,higgsfield_reddit_comments_2026-04-04.csv,o66jrry,1r8lro9,t3_1r8lro9,2026-02-19T03:39:47Z,ThenExtension9196,Honestly it’s just where things are going. It’s inevitable.,16,0,True,,False
reddit,comment,higgsfield_reddit_comments_2026-04-04.csv,o661dog,1r8lro9,t3_1r8lro9,2026-02-19T01:50:56Z,Old_Cameraguy_8311,Good on ya! Don't cave to AI. I refuse to use it as well. Fuck AI. ,15,0,True,,False
reddit,comment,higgsfield_reddit_comments_2026-04-04.csv,o66j3ul,1r8lro9,t3_1r8lro9,2026-02-19T03:35:39Z,Ryan_Film_Composer,"I use Higgsfield almost every single day. It’s an incredible tool for enhancing video production, not just generating full videos. I’m solving problems that didn’t have solutions or had very expensive solutions just a few months ago. 

I’m kind of already positioning myself as a videographer that can solve nearly any issue because AI is able to do things that clients ask for that I usually would have had to say no to. Now I’m saying yes to things and they’re all surprised at the results. 

“Can you add more water inside this pan?”
That used to be a crazy question. No, that would involve reshooting or heavy VFX work outside of the scope of this project. Now after a little Nano Banana Pro and Kling generating, I can do it. 

“We had to change locations and will no longer have a backyard patio and pool for a shot, anything we can do about that?” Before we would have had to reschedule and pay for a new location. Today I shoot with the client in a normal backyard, use Nano Banana to change ",14,0,True,,False
reddit,comment,higgsfield_reddit_comments_2026-04-04.csv,o5a6rhz,1r49sae,t3_1r49sae,2026-02-14T03:30:11Z,TheNetUsedToBeFun,"Depends on what you’re editing I’d think.

Personally, I very much know how to do all of those things but find those types of edits pretty obnoxious most the time. I’m not completely discounting them, as there is a time and place. Most of my work does not call for it,

Something I tell so many new editors: “just because you can, doesn’t mean you should”

It’s great to have things in your back pocket when you need them though.",7,0,True,,False
reddit,comment,higgsfield_reddit_comments_2026-04-04.csv,o5aiejo,1r49sae,t3_1r49sae,2026-02-14T04:54:36Z,born2droll,Man I was on this Tim &amp; Eric bullshit 15 years ago lol,3,0,True,,False
reddit,comment,higgsfield_reddit_comments_2026-04-04.csv,o5acvp4,1r49sae,t3_1r49sae,2026-02-14T04:13:11Z,N-Adenhart34,"Depends on what you're editing. 

If you're editing high retention viral hook Reels and Shorts, then you'll likely have to sip the poison and learn. 

If you're editing short films and movies it's entirely useless. 

Most of these guys are thinking that Insta Reels hype beast editing style is a flex, but in reality they look like everyone else doing it. Most of them are just trying to copy Hormozi or Gawxart. It only exists solely because they all look at eachother and copy, which creates an echo chamber of the same style. 

It's trendy so it might be good to have in your tool belt for marketing stuff, but it's mainly a waste of time. It's not meant to impress the regular viewer, it's made to impress other video editors.",2,0,True,,False
reddit,comment,higgsfield_reddit_comments_2026-04-04.csv,o5aux8k,1r49sae,t3_1r49sae,2026-02-14T06:39:06Z,Crunktasticzor,"Reasons I can think of:
- you want to do them as a learning exercise
- your clients want that style",2,0,True,,False
reddit,comment,higgsfield_reddit_comments_2026-04-04.csv,o7qix60,1oapvpe,t3_1oapvpe,2026-02-27T17:40:48Z,Spankmegentlyplz,"I just found some reels on Facebook of this girl and absolutely fell in love with her cosplay, looks and especially her boobs. I thought she'd be perfectly nerd/beauty. But then I found out she is AI... I'm distraught.... I can't tell anymore.... We're definitely cooked.",1,0,True,,False
reddit,comment,higgsfield_reddit_comments_2026-04-04.csv,ns16ojg,1pc7qqc,t3_1pc7qqc,2025-12-03T07:58:14Z,SubstantialDeerDash,"What other programs do you use? 

This was very simple",1,0,True,,False
