comment_id,video_id,author,body,like_count,published_at
UgznfE9wB1D4s3u3AFR4AaABAg,XRU-CjzYt_o,@danmartell,✅ Get your FREE AI Prompt Cheatsheet here: https://go.danmartell.com/484Q7tK,27,2026-04-02T13:02:18Z
UgyZ6FntUsQ6Klbx94N4AaABAg,XRU-CjzYt_o,@fatulcosmin,Claude is killing itself with those trash limits,101,2026-04-02T18:51:07Z
Ugw1ehdOOR__dWKDzj54AaABAg,XRU-CjzYt_o,@thephildiamond,The best AI model is likely going to change every month so do yourself a favor and create a model agnostic knowledge vault that you can plug any model into moving forward.,86,2026-04-02T14:30:27Z
UgyOmffeW_L5hc903nF4AaABAg,XRU-CjzYt_o,@agmusic3359,"OpenAI was a star when they launched ChatGPT. If something better is launched tomorrow, Claude will end up the same way",19,2026-04-03T09:36:17Z
UgzoOZkNnlr8UDtoq0R4AaABAg,XRU-CjzYt_o,@ancientearth2250,"Only gpt gives you more time for the money. Claude is good, but damn those time limit is really worth it?",31,2026-04-02T16:52:35Z
Ugx9ymQri6pS40F6WOp4AaABAg,XRU-CjzYt_o,@Husbandadvice,I used to spend 45 minutes 3 days a week scraping government contracts for bids myself. With Claude and Claude code have a local app that runs a report and gives me a prioritized Excel spreadsheet 3 times a week,22,2026-04-02T17:26:08Z
UgyF8O1eTal9J_DtXFd4AaABAg,XRU-CjzYt_o,@claudioherrera6050,Usage limits on Claude doesn't work for me.,64,2026-04-02T17:35:08Z
UgxdmJMeGGHWNV-0hIB4AaABAg,XRU-CjzYt_o,@cryptoacademymastery,"Mr.Martell, been wanting to comment on your content for quite some time. I love all the videos. But I will say, by far my FAVORITE of all times is the one titled "" How to build systems not goals"". I recommend everyone watch it - not just for the content - But for what you did for one of your employees. Literaly had tears coming down my face the first time i watched it. Keep crushing it Dan ! P.S - My dad was a brain surgeon and passed from a brain tumor when i was six. crazy world we live in ! Godbless",20,2026-04-02T16:30:02Z
UgzofvT1ohlmI33QGsZ4AaABAg,XRU-CjzYt_o,@Trex10nyson,"Claude is good except one thing, Even on the Pro Plan which $20 month, still not enough. The token drain like crazy, you need to upgrade to Max plan.",139,2026-04-02T13:11:36Z
UgxU2u2RTqmCI2-mAel4AaABAg,XRU-CjzYt_o,@easypeasy2938,I'm on both.  20/mo plans.   I contstantly run up against Claude limits in the middle of projects..   very little warning.   then you have to wait for it to reset  or transfer to another llm.   This hardly ever happens with chatgpt.  Feels like this is personal with Dan and I'm curious why.   I see very little difference in quality of output of their frontier models other than claude's  tendency to run out of tokens quicker.,37,2026-04-02T14:31:35Z
UgxL5tdJTidPNCtP6bp4AaABAg,IYF4NtECX3s,@AIEdgeHQ,"Sign up for the AI Edge newsletter, and unlock the assets from the video by joining my Instagram community
👉 https://www.aiedgehq.co/",2,2026-04-03T18:04:53Z
UgwFYdcuTaccoprb5Ux4AaABAg,IYF4NtECX3s,@Rick_1738,🔥🔥,1,2026-04-03T20:02:31Z
UgxRsVBLszMFL-duY5d4AaABAg,IYF4NtECX3s,@anthonymarinelli5074,Love your passion but mate where's the Cheat Sheet !!,0,2026-04-04T13:08:27Z
UgyR7pmJridmvN7Oy6d4AaABAg,IYF4NtECX3s,@michaeladamou3671,"Miles, you’re a fkn legend",1,2026-04-03T21:10:25Z
Ugz1o16VlEsoLTWhjzJ4AaABAg,IYF4NtECX3s,@bitmaaan,Love this video format! And thanks for the prompts! 🙏,1,2026-04-03T19:40:30Z
UgxONpunxgb0S8ubK5B4AaABAg,IYF4NtECX3s,@NataELui,I didn't receive the pdf after following all the steps you sent me.,0,2026-04-04T14:47:25Z
Ugz4XPwhYZ6xpNcMMoB4AaABAg,IYF4NtECX3s,@tedcash2834,"Miles, another banger! Part 2 please. Cheers mate  👍",0,2026-04-03T23:49:25Z
UgydJdr5XEAdy1z2bQN4AaABAg,IYF4NtECX3s,@honestjoe632,"Great video, but what about those of us who work for corporates that won’t allow us to install cowork???",0,2026-04-04T05:02:35Z
UgxknLky9sLOQ4tnxJZ4AaABAg,IYF4NtECX3s,@michaeladamou3671,Oh I saw this video yesterday where you can use note to book LLM to have unlimited memory and so if you connect that to Claude you can have like the most memory possible,0,2026-04-03T21:17:08Z
UgzmbJD8_RbRlZ50H694AaABAg,IYF4NtECX3s,@jonassurmann9857,Where can you download the instructions mentioned in the video and the md files?,3,2026-04-03T22:31:11Z
UgwwG3gliYPNnqId7rt4AaABAg,O2k_qwZA8HU,@nateherk,"Full courses + unlimited support: https://www.skool.com/ai-automation-society-plus/about?el=free-claude-code
All my FREE resources: https://www.skool.com/ai-automation-society/about?el=free-claude-code",3,2026-04-04T01:29:06Z
UgwV7l5Qsca3kTb5tiF4AaABAg,O2k_qwZA8HU,@Charly-lost,the part about haiku silently charging you in the background while you thought you were running free models is genuinely something nobody warns you about,13,2026-04-04T05:41:20Z
UgwQxdtbPBdgMGUzQOF4AaABAg,O2k_qwZA8HU,@tonnictv,Free open source models are like driving a Ferrari with a Ford pinto engine,34,2026-04-04T01:53:38Z
UgzO35-Sp8nweXpCXUx4AaABAg,O2k_qwZA8HU,@MrMeatflaps,"Excellent info, and timely! Thank You!",1,2026-04-04T02:02:34Z
UgzwFVIxOMG5_dhDZwJ4AaABAg,O2k_qwZA8HU,@nothingisimpossible6566,I was waiting for this video soo badly from you...nd finally ❤️,1,2026-04-04T04:53:34Z
Ugw85LnWIaT6SzWe5X94AaABAg,O2k_qwZA8HU,@socialguyrajib,"Thank you so much for the video, man!",1,2026-04-04T01:31:43Z
UgwLvCO7bS2jbHhETp94AaABAg,O2k_qwZA8HU,@cashisconversationcorner,Nuclear Nate with another bomb!! You are a beast! Thank you sir!,2,2026-04-04T01:35:50Z
UgywU2iwusFRSpMiwUV4AaABAg,O2k_qwZA8HU,@emal8323,This one is very helpful and thank you so much Nate bro for this video! ❤❤,0,2026-04-04T03:46:14Z
UgxOnZxMs0gS2VkBLOd4AaABAg,O2k_qwZA8HU,@SavannaBanana205,This was VERY helpful. Thank you!!,1,2026-04-04T10:22:38Z
UgyFg-HBowmqItw3XSR4AaABAg,O2k_qwZA8HU,@cammac57,This is what I need! Just need to make sure the APIs aren’t stealing my data first….,6,2026-04-04T01:38:57Z
UgySHGTZX6J159pSCxh4AaABAg,Y9BOY4k_zb8,@PaulJLipsky,"Try i10x: https://i10x.ai?fpr=paul53
Save 15% with code ""PJL15""",1,2026-04-04T13:01:57Z
UgxePbGD9l62fK2Xl3d4AaABAg,Y9BOY4k_zb8,@warblog6165,God - it’s hard to keep up -thanks for making it easier,2,2026-04-04T13:26:07Z
UgzX-VUgq074ZTwTv0V4AaABAg,Y9BOY4k_zb8,@ibdaramy5455,This is a boon for all AI developers. This leak is a boon for the thousands of smaller Chinese AI companies who want to get best practices comparison with Open Source software. Great news for all.,0,2026-04-04T15:10:02Z
UgxI8qLZwGExoACRW9t4AaABAg,Y9BOY4k_zb8,@yesequalstrue,Someone tell me how I can live a full day in an hour to keep up with all of my AI generated must-read content! Swamped!,0,2026-04-04T15:25:45Z
UgzzMzKlc2VA8e3aWpl4AaABAg,Y9BOY4k_zb8,@MikeGentry,I can attest to Claude's quick limiting. I might have had a 15 minute session a couple days ago and got timed out for several hours. I never use Opus and extended thinking was turned off too. Hopefully their turning off OpenClaw will give the rest of us more use time.,0,2026-04-04T13:52:14Z
Ugy4pkCnQtt_jJHhPr54AaABAg,Y9BOY4k_zb8,@petercarter8455,I want to try Google vids,0,2026-04-04T15:19:38Z
Ugzx7tjZLNiFKf17fXB4AaABAg,Y9BOY4k_zb8,@travisco13,"Most of the time I get to my Claude limit within one message, after he is stuck in thinking for like 4 minutes or something. Guess some loop",0,2026-04-04T14:08:21Z
UgzBsERCfv7xEPyXi0x4AaABAg,Y9BOY4k_zb8,@Mustash-Tony,"The viral ""leak"". but was it though? PS. Is it me or is the volume a bit low. in this video?",0,2026-04-04T14:34:52Z
Ugzd1bwzoe0cP6S-P8p4AaABAg,Y9BOY4k_zb8,@abdsab78,Thank you Paul. Please produce a full detailed clip about Gemini Gems,0,2026-04-04T14:01:29Z
UgwYKlzuOENNbzx3jfR4AaABAg,Y9BOY4k_zb8,@RudraanshTyagi-m1m,"Video Idea: It would be nice to see a detailed course for automation for different things using the tools that you think are best for the job, for example, Algorithm Trading, Marketing automation. 
(Make different courses for paid and free tools)
Video idea 2: Make a video (without collaborating with any platform) for website creation and the tools that a reasonably priced to make one. Explain how credits work, and how one can legally publish such a website with full ownership in major countries according to their laws 
Video idea 3: Try and suggest the best ai tools SPECIFICALLY FOR STUDENTS, and Create a full Guide to make everyone's study as automated as it can be (With as affordable as possible tools of course) And give them ways to make boring things interesting. 
Video idea 4: Suggest the best ai based browser for auto browsing across the world (google only has auto browsing in some aeras only) And explain how it collects data and who should use it 
Video idea 5:  Make a short vi",0,2026-04-04T13:48:33Z
UgylMEs_eyv6zKA7eyR4AaABAg,o1i4FgtXhLA,@picblick,"""Oh no, someone stole my stealing-machine!""",1223,2026-04-03T17:41:09Z
UgwU-5beGcB-i8aCwVV4AaABAg,o1i4FgtXhLA,@geryon,I'm no lawyer but I believe you can get around the copyright claims by having an AI copy the sourcecode instead of doing it yourself.,1259,2026-04-03T16:50:46Z
UgwnUG6rKTB6K7Q_FUF4AaABAg,o1i4FgtXhLA,@CocoHutzpah,"I cloned the repo, not because I intend to use anything in it, but for the joy of taking from a thief.",211,2026-04-03T18:33:15Z
Ugz59J3L1qBBaTca07h4AaABAg,o1i4FgtXhLA,@Bourinos02,AI companies trying to enforce copyrights must be the most hilarious thing this year.,820,2026-04-03T17:28:00Z
UgzAalKGO5G2aIhDIxB4AaABAg,o1i4FgtXhLA,@YuzuruA,"""An employee"" probably means their own stupid IA did that and they won´t admit it",136,2026-04-03T19:08:50Z
Ugw1jut8VXZrxl-8V6F4AaABAg,o1i4FgtXhLA,@andrepessoa608,Anthropic wants to go Open Source but doesn't know how to ask.😂😂😂,481,2026-04-03T16:41:40Z
Ugxw8p30ikSupmr3IBR4AaABAg,o1i4FgtXhLA,@LeszczynskiEd,"Stolen melted gold is actually a great analogy, still a lot of value yet can't be traced to the owner or jeweler.",77,2026-04-03T20:07:44Z
Ugyn1JMxsLqaqAM39ll4AaABAg,o1i4FgtXhLA,@readyrex,"""I told you we should have literally liquidated our employees.""",111,2026-04-03T16:40:09Z
UgxrgojY7zV52oLVBat4AaABAg,o1i4FgtXhLA,@gabrieldias3479,"Dang that shot of Zuckerberg from 2005.
He looked like a nerdy normal human being and nowadays he looks like a vampire who sold his soul to the devil.",201,2026-04-03T17:32:40Z
Ugxshc8XclCfmxCxvwt4AaABAg,o1i4FgtXhLA,@wesnohathas1993,"Huh,, looks like someone finally restarted the universe's karma runtimes.",106,2026-04-03T18:15:21Z
Ugx2IQifSutiGvPo6V94AaABAg,isjOj4QSaO8,@Itssssss_Jack,"📈ALL AI Systems (Join FREE, ends Sunday): https://bit.ly/4kol0y5
🩵 Free Resources: https://bit.ly/3PATPoL",2,2026-04-03T16:14:26Z
UgzOf_aP_azPEFn4Vi94AaABAg,isjOj4QSaO8,@VirtousStoic,"Happy easter weekend brother. ❤ ur work. God bless❤

I am not jk man. No one else in my entire list of channels. Gets a like and comment on every single video like u

I comment on some, like some. But for you. For all

You are a legend man❤",3,2026-04-03T17:20:34Z
UgyrO_t6iXiDeqWu_-54AaABAg,isjOj4QSaO8,@jordanvance1731,I'm not sure that either pizza or curry should be refused at 10:00PM.,1,2026-04-03T17:08:26Z
UgymYwqLF1RjW3b5DUx4AaABAg,isjOj4QSaO8,@derek-hanson,"I love Projects! My only thing I want next is to be able to remember across projects. My work and life is so complex and interwoven, I always want them to know about each other.",0,2026-04-03T19:53:22Z
Ugz9Ex1xJzjHfezFZIt4AaABAg,isjOj4QSaO8,@taylanrogers-sirin4311,Hey you’ve been so help for a new developer thanks for all your help,0,2026-04-03T20:21:27Z
UgxIblJ60Ddl4Uy0UJh4AaABAg,isjOj4QSaO8,@kevinlukejr.8996,"The Maxed out Max plan is what they should call it, LOL 🤣",0,2026-04-03T21:02:24Z
Ugxz9DIjNSEx8nU3zIJ4AaABAg,isjOj4QSaO8,@JasonScopelleti,"Cowork works great on a PC with Desktop Commander MCP and Windows-MCP, install those and your Cowork can control every aspect of your PC...experimenting with autonomous network/server management and monitoring these days....",3,2026-04-03T16:57:34Z
UgwfrrPUozzSX5U6MVx4AaABAg,isjOj4QSaO8,@lourosc,Doesn’t superhuman cover the last  use case?,0,2026-04-03T17:54:49Z
UgzmdoYnURG-gabGWsl4AaABAg,isjOj4QSaO8,@JulianFernandez,thx,0,2026-04-04T06:48:08Z
Ugxxc-KqMTteiZJlERF4AaABAg,isjOj4QSaO8,@timt8303,Is there a benefit to cowork vs just the terminal?,0,2026-04-04T00:57:04Z
Ugxsbp7xxTnybYtOa2p4AaABAg,CLLyO7f6zKU,@ajanitymediagroup7586,PLEASE create a COMPLETE branding video!!!,37,2026-04-01T07:11:00Z
UgxGT2oxr92us3J6ash4AaABAg,CLLyO7f6zKU,@romil-u4s,We want a Branding video,41,2026-04-01T06:33:38Z
Ugxr-WUl291gZiIiIZB4AaABAg,CLLyO7f6zKU,@andersbehrmann9569,"Noticed how he casually mentioned ”oh, I’m using this model thing” and never explains why Opus 4.6 Extended is the superior brain - but also SUPER EXPENSIVE.",2,2026-04-03T08:37:23Z
UgyIF5YeIAZ4xeSkTY14AaABAg,CLLyO7f6zKU,@ginadavidson6441,Definitely your branding techniques - thank you,4,2026-04-02T09:58:26Z
Ugwyl7NZAYvpiIlQlkF4AaABAg,CLLyO7f6zKU,@estrelladeluxe1366,AI slop is creating videos of someone walking in clear boots filled with wine. This is productivity. Thank you!,2,2026-04-03T05:31:16Z
UgyL_0tefkL6rKkyRah4AaABAg,CLLyO7f6zKU,@aboodbf2609,Truly one of the best things I’ve come across today.,7,2026-03-31T16:41:34Z
UgwbsTZ2bfY1HznuCkh4AaABAg,CLLyO7f6zKU,@SPILogistics,"Manus is the best tool for visual assets, as it already has nano banana built in, but you have to be smart about how you use their credits. Use a brand book, upload skills, and you'll be blown away.",20,2026-03-31T15:45:36Z
Ugytzi22PdofBa27YZJ4AaABAg,CLLyO7f6zKU,@tiênđức2000,my manager told me to “be careful” when he saw me reading it. that told me everything,0,2026-04-03T17:14:34Z
Ugw15EX8abTSoXWqKMd4AaABAg,CLLyO7f6zKU,@madetheshift,Thanks Alex awesome content as usual. Please create a branding video. Cheers,0,2026-04-04T08:12:37Z
UgxmlTUa8PduvDHjJ5B4AaABAg,CLLyO7f6zKU,@drcathyklein,BRANDING VIDEO NEEDED!!!!!!!!,0,2026-04-04T10:49:19Z
UgywW0eZqNwMbztEhix4AaABAg,L-qgqSGIBsg,@AliShahin,"للاشتراك في دبلونة الويب لتعلم البرمجة من الصفر ادخل على الينك دا 
https://www.itlegend.net/salespage/home/index?currentoffer=706db4a8-977e-4ab9-bfa3-8f09c13ff5a8&AdsId=1",0,2026-04-04T12:23:19Z
UgwvHjRoALIhMbf7kRF4AaABAg,L-qgqSGIBsg,@866ياسر,اعتقد ان التسريب حصل كرد فعل انتقامي لانهم رفضو عروض الحكومة الامريكية في توظيف الذكاء الاصطناعي لاتخاذ قرار القتل في الحروب,41,2026-04-03T00:05:53Z
UgxlEH72KAz3aNQRF1t4AaABAg,L-qgqSGIBsg,@abdelraheemabdelsayed9339,اعتقد الموضوع سياسي اكثر وبخصوص حروب امريكا لان  ترامب طلب من انثروبيك دعم السلاح  بالذكاء الاصطناعي افتكر دا من اسباب لأن الشركة رفضت تدخلها على العموم دي وجه نظري انا اعرف الكثير عن,12,2026-04-03T02:29:55Z
UgzeJ1-jnV5cS5D9fJd4AaABAg,L-qgqSGIBsg,@Ayat_Rad_Tales,فرحانة فيهم بصراحة 😂😂😂,1,2026-04-04T08:09:45Z
UgwCk_XbcDoOPDzh4XJ4AaABAg,L-qgqSGIBsg,@Malek_Nofal1,بجد انا بحب فالله انت شخص عندك قبول مش طبيعي و عايزين فيديو لابتوبات 2026❤❤,4,2026-04-03T02:13:07Z
UgwyyypFB8TEjzKWgyN4AaABAg,L-qgqSGIBsg,@MRBBK-k3t,آه يا مدير يا بطل تكشف المستور,0,2026-04-04T01:49:56Z
UgzoKLm1I4KlPnqf_WJ4AaABAg,L-qgqSGIBsg,@Dr.Amaaar,🟡 بس دا يابشمهندس هيخلي التطور يحصل أسرع من الطبيعي ، لان كده الشركات المنافسة هتبدأ من أعلى نقطة وصل ليها انثروبيك ، بل اللي لسه موصلهوش مستقبليا ، فكده انثروبيك إما هيعلوا عن الطبيعي ويحطوا فيتشرز كانت هتتأخر شوية عبال ما نشوفها ، فده ضد المبرمجين برده 🤔,6,2026-04-03T09:45:23Z
Ugz2ZloZS6VD5mTi8XB4AaABAg,L-qgqSGIBsg,@ahmedkorgmg2890,ياريت المختصر المفيد حد ابن حلال يختصر لينا  مين المتأثر ؟❤,1,2026-04-03T20:12:10Z
UgyBzPf4NtLEUhQE9iR4AaABAg,L-qgqSGIBsg,@زينالدين-ي3ث,من وجهت نظري هي ضربة من الحكومة الامريكية بعد الخلاف معهم,5,2026-04-03T00:27:07Z
UgzcYDSow8zjF4wMiRd4AaABAg,L-qgqSGIBsg,@rachdzfreedom799,موافقك تماما حاليا الذكاء الاصطناعي عامل زي الطفل الي يبغي يقف في اول مراحل حياته ليمشي و لكن من حين لحين يسقط فلس امام ما يضبط سنوات من الشغل مش زي ما هم يسوقون و الهدف معروف الربح و استرجاع الأموال باستغفال المبرمجين.,0,2026-04-04T07:13:22Z
Ugw8Er35r_0E-UKBXX14AaABAg,mBHRPeg8zPU,@raitonodefeat6503,"When your security is a ""Please make it secure"" sentence on an AI console.",3484,2026-04-02T12:30:40Z
Ugw5_UzcnEpA236ILrV4AaABAg,mBHRPeg8zPU,@klipklapklop3359,Multi trillion dollar industry vs a 58mb file,7970,2026-04-02T09:15:26Z
UgyuQjFWEV-ALQuRAid4AaABAg,mBHRPeg8zPU,@98ahni,The AI must have looked at the date and came to the conclusion that the most human thing to do was an April Fools prank.,9065,2026-04-01T22:12:10Z
UgxA41Mp0eBUmlCQBmx4AaABAg,mBHRPeg8zPU,@aviraljanveja5155,Plot twist : This was an April fools prank by Anthropic. The real code base is secure and they intentionally leaked this one to distract their competitors.,98,2026-04-03T14:35:06Z
UgywTfhTvBsX-lulp9V4AaABAg,mBHRPeg8zPU,@bloodylegend2341,What a day to post a video like this,14784,2026-04-01T17:28:42Z
UgyPiyJ74nUPvQ6fSxN4AaABAg,mBHRPeg8zPU,@FenrirWolf793,"The developer forgot to finish the vibe coding with: ""...and make no mistakes.""",6336,2026-04-01T18:40:17Z
UgzlcaJYQ14RWL_x37N4AaABAg,mBHRPeg8zPU,@leslielemmon,Anthropic woke up to an April fools prank they won't forget 👍🏽,2437,2026-04-02T09:12:23Z
UgyeF3v69MNJjPhZ5Z54AaABAg,mBHRPeg8zPU,@tabletkidofficial,HOLY SHIT THIS REALLY IS THE BEGINNING OF THE CYBERPUNK UNDERGROUND AI ERA,350,2026-04-03T17:07:45Z
Ugwep4PkaOxPToRCHMd4AaABAg,mBHRPeg8zPU,@TheCameltotem,"This is literally ""Make no mistakes"" prompts on steroids",724,2026-04-02T07:52:50Z
UgzLulRiD5SDPhv2_0d4AaABAg,mBHRPeg8zPU,@JJGlyph,The pull request attempt 💀 🤣,8545,2026-04-01T17:36:43Z
UgwHd54ZZ98oQolFHup4AaABAg,VkVNjcy2VUc,@JccGrid,I used god mode and Claude manifested itself in this reality,11,2026-04-03T09:12:49Z
Ugyz4Uwm1kccROo-MkV4AaABAg,VkVNjcy2VUc,@jul71983,And this is why professors are starting to do verbal evaluations instead of papers.,9,2026-04-03T05:55:19Z
Ugxk_l5LivPhV_svp854AaABAg,VkVNjcy2VUc,@BuildWithNova,Claude is the way to go 😎😎😎,0,2026-04-04T13:42:54Z
UgyARwkwM_WLKfvxJ8x4AaABAg,VkVNjcy2VUc,@resurgensix,Hell yeah,0,2026-04-04T04:35:20Z
UgyDALL8ohB6bZfgyql4AaABAg,VkVNjcy2VUc,@loopedchaos99,Useful ia info,0,2026-04-04T02:51:23Z
Ugy_EEg1zHzlmbHD7YJ4AaABAg,VkVNjcy2VUc,@ScrotoTBaggins,"Great
Prompts for generate prompts",2,2026-04-03T07:07:44Z
UgwmlMlr9ntZUZIFllx4AaABAg,VkVNjcy2VUc,@mouneed,"Fuck, where do you get this nonsense?:) have you at least tried these SUPER-DUPER codes on your own??????",3,2026-04-03T09:27:12Z
UgxzjoGsspxbpCRowiR4AaABAg,VkVNjcy2VUc,@badam1814,Claude says all these codes are bs,2,2026-04-03T15:01:58Z
Ugxh0QiCV_VQLVSkvK14AaABAg,VkVNjcy2VUc,@gevuar3034,Thx 👍,1,2026-04-03T05:25:12Z
UgxDlKltSYtspu1THCJ4AaABAg,VkVNjcy2VUc,@alneez2010,Great info,1,2026-04-03T05:49:48Z
UgzWZY6fJGEFxoKcRrt4AaABAg,Sdewx3GpJ1Q,@AIProductivityCoach,"Which Claude plan are you on right now, and have you hit the usage limit yet? Curious how many people are running into this daily. Let me know below.",6,2026-03-29T14:01:01Z
UgwQr8DVi1mTJ-0ZIDJ4AaABAg,Sdewx3GpJ1Q,@shawnmoore4143,"I was hitting limits consistently on Claude Pro due to Cowork. As a brief workaround, I was using ChatGPT as my brainstorming parter then asked it to create a hyper-detailed prompt to then give Claude Cowork. The outputs were good but edits are usually difficult to make afterwords due to limits. You helped me mentally justify the jump to Claude Max. Super informative!",31,2026-03-29T19:16:50Z
UgxT-utUa_qlQYw8GA14AaABAg,Sdewx3GpJ1Q,@cdsdomains,"I just started using Claude about a week ago on the free plan - and hit the wall many times.  I find the responses much better than my upgraded chatgpt so far.  Thank you so much for sharing such great information - I look forward to your newsletter, which I just signed up for.",4,2026-04-02T14:00:47Z
UgzOYdKuqFimdGcGsv54AaABAg,Sdewx3GpJ1Q,@brksfrb,"It would be very helpful if you've mentioned the weekly limits as well, since they're an important fact to consider as they don't linearly go up like 5-hour sessions. Great video though, very useful.",6,2026-03-30T04:05:30Z
UgyxlyTD1oGNDoG1na94AaABAg,Sdewx3GpJ1Q,@DEDESPavlos,"I used Claude as a free user to create a website, now trying to correct the errors on it with claude and until this morning I had those limits of 5 hours or 7 hours to wait for the next prompt. This morning I promped for some corrections and I think Claude is starting to hate me because next prompt for me will be in 2 days😭😭😭 .",6,2026-03-31T21:00:38Z
UgzEKAw6d5f1hBJMAoV4AaABAg,Sdewx3GpJ1Q,@valueofvalues2025,"limits are terrible even on pro plan and can't affort the next tier.  i wanted it to do some simple tasks (i thought were simple) and it would not do it without hitting limits.  for example, just wanted it to review transacripts of my podcast episode and give me some insights.  that took forever and was not even that good.  one point it told me if just filled in info and didn't even read the transcript.  so the accuracy was not something i could even rely on - which is CRITICAL.  so, it may do great work for some - I can't seem to be able to get it to do some simple work.  thnaks for the video...!",11,2026-03-30T14:23:28Z
UgxdJH__QKy9bFDK6bp4AaABAg,Sdewx3GpJ1Q,@NickAbrego,i hit that rev limiter real quick using it on chrome and having it do my emails for me lol whoops. i just was testing it out.,0,2026-04-04T14:58:11Z
UgyIocVr2TmvjXozKBd4AaABAg,Sdewx3GpJ1Q,@DonSaluste,"Thanks for that, I’ve always wondered how many shots i’d get on a max plan. Now i know.",1,2026-03-29T22:54:24Z
UgwpkzDUoY_E8vWfDEd4AaABAg,Sdewx3GpJ1Q,@sylverkat9488,"Thank you for putting this together. I was unaware of the token usage limits going from GPT to Claude, but learned them very quickly. I did find an extension that helped me keep a close eye on my token usage in chat, called Claude Counter, and it plugs into Chrome. I'm sure there are others, but it's taught me how to use the tokens. I've also found that keeping the chats short helps, too, start a new one around 30k tokens. You can ask Claude to make a summary for you that will seamlessly start a new chat with the same context, and it will happily write that summary to use as a prompt for the next one. 30k seems to be the point where it starts losing detail too, so it's a good cutoff. 

If you're front loading a lot of data it will be a short chat - yes - but since Claude uses the whole chat every time it answers you, it helps to keep them short. Hopefully this helps others too.",0,2026-04-01T13:53:23Z
UgwypHSwsm0ZTIdbxwt4AaABAg,Sdewx3GpJ1Q,@artemskool,"Great video! 

I decided to stick with the pro plan for now, but I feel like I might very soon need max :))",0,2026-04-01T08:18:59Z
Ugz2ayKsTr93Sg5iCwl4AaABAg,1FiER-40zng,@ColeMedin,"Tomorrow I'm doing a livestream showing how I use my second brain for agentic coding!

https://youtube.com/live/hdCZUNQ40VY",7,2026-04-02T00:02:00Z
UgyHfSW7s6tulvftvDJ4AaABAg,1FiER-40zng,@NickRomanek,been in IT 15 years and the second brain concept is the one thing that actually sticks. curious how you're handling context persistence across long sessions -- that's where most setups fall apart,8,2026-04-02T20:15:55Z
UgwzhkFSSo97gvBFhit4AaABAg,1FiER-40zng,@EliteRemmy,This is the most valuable AI video I've watched in a long time,3,2026-04-02T00:36:39Z
UgwfHqQEeO6UB41M1YV4AaABAg,1FiER-40zng,@xeviltimxy,"Cole, I really love your videos and learned a lot from you, so thank you for that. 
Small addition to your daily log system. Every Claude session is stored raw on your computer. So you can create daily logs retrospectively if you want. I’m calling this /changelog. It combines sessions and git commits into a couple of bullits. But it’s not all. Also every changelog is evaluated based on my telos+profile (your soul+user) and tells me that I progressed on some of my big goals or not. Love it",4,2026-04-02T00:40:37Z
UgxhGIME_vnMy0gKNGt4AaABAg,1FiER-40zng,@JonRodmanUSA,This is excellent.  This will work great for my work flow.  I have to give it a try.  This is the best use of AI that I have seen thus far!,3,2026-04-02T12:18:10Z
UgwIPiFQBYvOEu8F6Ah4AaABAg,1FiER-40zng,@radekberan7674,"Yes, best among the AI videos. I super like the shining passion to customize this exactly in the way you need.",0,2026-04-03T16:07:47Z
UgzkImlJz3xLTpb4mQh4AaABAg,1FiER-40zng,@MightyPrefix,"This looks really interesting, I'm going to try and get this set up. Thank you!",0,2026-04-03T17:44:21Z
UgwY0YaQNOAuh62RpUR4AaABAg,1FiER-40zng,@BigFarm_ah365,"I'm looking to build something similar and see how much of it I can run locally with a cluster of 188GB of VRAM. Once it's built the tasks I have planned are mostly straightforward, but best run by a local LLM, it'll mostly be a knowledge repository and research agent. This will definitely help me get started",0,2026-04-04T03:38:23Z
Ugy1NVpOXkvY_Nz2QCZ4AaABAg,1FiER-40zng,@reynubix,Just got to say thank you when I start to get clients i will pass by your community i hope your going to record it for the community 👊🏾💪🏽,1,2026-04-02T10:03:13Z
UgxWByfSK5sW_s-S3TB4AaABAg,1FiER-40zng,@jasonpickens9839,Perfect timing. I literally just entered a prompt to start this and was kinda dreading reinventing everything,1,2026-04-02T06:49:41Z
Ugw5LEEv_sBRm3fM5Ud4AaABAg,fIlzsa4Srwg,@mouadmerrout8081,كين فابور مائة بالمئة مع vscode اسي اناس او خرافي 🎉🎉🎉,1,2026-04-04T14:41:16Z
Ugw_2kpoC8cHGTkLt514AaABAg,fIlzsa4Srwg,@mohamadamin1543,سلام عليكم خوي اناس تبارك الله عليك واش ممكن نقادو بيه متجر إلكتروني غير دير لينا فيديو مغديش نطاكيو سيمو لايف 😅,1,2026-04-04T13:20:02Z
UgzrvR5A_OL3lyT8UYh4AaABAg,fIlzsa4Srwg,@BookMindset_A,"slm khoya anas  bsara7a xft lvidyo dyal mli nxrtih mes anaya kan3rf ndir hadxi mes makan""rfx ndiro ondirict mes saraha wakha ""arf mzn fl ai  stafdt mno xokran lik okantmnaw dir lina tari9a dyal   stor hhhh",1,2026-04-04T15:31:58Z
Ugx-G2W6ezxFipiajYd4AaABAg,fIlzsa4Srwg,@3IACommunity,Tbarklah 3like 5oya Anas ana etudiant fel IA nite ana advice deyali wa5a allah bedite fe domaine IA  5ase nefhmo chano taytra machi 4i nesifto prompt ou sf mais ila kena dejas 3arfine achno taytra me3a kayna hallucination deyal IA li te9der dire bezaaf deyal les problem 5ososane fel ls partie fel code li taykono hesasine behal paimenet etc,7,2026-04-03T17:20:55Z
UgytAqs2PHrJXjtVgJR4AaABAg,fIlzsa4Srwg,@vertimaron,المشكل ليس في إنشاء المواقع لكن العمل يبدأ بعد انشائها! هنا تكمن التجربة! أغلب أدوات الذكاء الاصطناعي توهمك أنها قامت بعمل جبار لكن عندما تطرأ مشكلة حينئذ كيعواج الفگوس!!,2,2026-04-02T23:50:56Z
UgxP_VnlV399eSuZkJZ4AaABAg,fIlzsa4Srwg,@hamidawa,واو  لأول مرة كنشوف هد العجب  رغم أنني تعاملت مع الكومبيوتر من 2005  العالم  طور وحنا قدات علينا مشاهدة التفاهة  للأسف,0,2026-04-04T01:41:03Z
UgyD-Wt7fHFYUSwKzsR4AaABAg,fIlzsa4Srwg,@mohamed_odr,lay ir7am lwalidin khoya anas wlay i3tik ma tmaniti f7yatek incha2alah wi raz9ak doria sali7a w bir walidik akhoya,5,2026-04-01T22:18:44Z
Ugzvb3wtYysuHzKjCrR4AaABAg,fIlzsa4Srwg,@youness3157,"خاي الله يرحم الوالدين هاد الدومين راه ماشي واقف غير على الزواق ، راه لي ماشي الدومين ديالو البرمجة حاجة عادية كيتبهر بالزواق ، ، من اصعب المجالات لي كيبغيو الصبر و مهارة حل المشاكل و اتقان الخوارزميات ، المسألة.راه كبر من الزواق 
نعطيك غا مثال واحد فيمشي فيصيب سيت و السيت ديالو شبعان تصاور و هو معارفش لاش السيت عندو ثقيل و لا منين كيكثرو الusers علاش ثقيل 
و لا مسائل الcdns
لا دراية لهم بها و انه كلما الملفات تحطو فسيرفرات قراب كلما كانت متوصله الداتا دغيا 
هاد الذكاء الاصطناعي قد مكيسرع الخدمة قد مطيح الذل على الدومين ، الدومين باقي بعزو للناس لي عارفين بلي القضية ماشي غا زواق و لكن ولا كلشي   مخشي اذا وضح للناس انه راه هاد المجال كبر من هاكا ، حيث بنادم كيزعم لدرجة يبغي يخدم فريلانس و الكليان مسكين كياكل العصا",1,2026-04-03T09:22:05Z
UgzG_SST83rkiyoS0Gt4AaABAg,fIlzsa4Srwg,@yahya_bisbis3362,Tbarklah 3lik Khouya anas dima ljadid❤,0,2026-04-04T09:41:08Z
UgynGtWnQO7CNG5-5R14AaABAg,fIlzsa4Srwg,@abdelkrimbenakki3137,Salam ssi anas merci beaucoup pour votre aide. EST ce que Le Site reste fonctionnel sans domaine name,2,2026-04-02T15:17:54Z
UgwHFSnjrMr3Ga7jooB4AaABAg,x2l7W9aTc5k,@coder8515,Thanks for info about the flickering setting for Claude Code CLI,2,2026-04-03T06:14:05Z
UgxVsWcI_ZNNuL7ICPd4AaABAg,x2l7W9aTc5k,@qunewsguy,"""Alright let's STAT with Anthropic""🤣🤣",23,2026-04-02T21:54:56Z
UgxdsDDYRtnWmRQICQx4AaABAg,x2l7W9aTc5k,@BillMoldestad,stat right now,13,2026-04-02T23:36:28Z
UgxdtBYdeFzuIHFvb1F4AaABAg,x2l7W9aTc5k,@kodihoward9392,This is a very interesting game of life!,0,2026-04-03T01:17:20Z
UgwqyK_vJExUJ41UBQ14AaABAg,x2l7W9aTc5k,@subhub6968,let’s stat,3,2026-04-03T01:08:55Z
UgwhGx9KKOcaZHhcMOV4AaABAg,x2l7W9aTc5k,@simonomega,I'm stat-ing to think there really is a human behind these scripts 🤣,1,2026-04-03T17:08:04Z
UgwjgOu5Z241vouItBx4AaABAg,x2l7W9aTc5k,@matthewhartigan3130,You can do this already with Claude in a virtual machine.,1,2026-04-02T22:04:58Z
UgwUMj3h0v9wUEnY82J4AaABAg,x2l7W9aTc5k,@oknyc,Love this content. Hate the format. If you can make it less mechanical with better visuals -- this would get my vote for improvements,2,2026-04-03T02:37:21Z
UgxD-SrUzVpHvBxtAEd4AaABAg,x2l7W9aTc5k,@JH-zo5gk,"Damn.... openclaw really rattled the frontier cages.
Seems like they all are becoming their own version of openclaw.",4,2026-04-02T22:28:26Z
UgyDpXPJORrBVB0dVvJ4AaABAg,x2l7W9aTc5k,@MattOng82,Is this elevenlabs voice? It sounds really good,1,2026-04-02T23:53:37Z
UgydvbbWeVUg2_3pxJN4AaABAg,67Cbb3DyIxA,@chrisredwoods,"Bro you are 100% Dyslexic. I'm a Dyslexic vibe coder as well. We have great talent. We should start a company of Dyslexic Vibe Coders and CRUSH IT!!!!!!    The future of coding is VIBE CODING!!!! Coders don't get replaced they just adapt into vibe coders.

There are so many brilliant and talented pioneering visionaries out there they don't know how to code and now AI has turned them all into Vibe coders. 

I am working on two projects that are absolutely massive and are going to change and revolutionize this world. I currently have both of them built and performing",9,2026-04-04T01:00:26Z
UgxQX3UBcTSSI7MZbT94AaABAg,67Cbb3DyIxA,@eXislander,I love vibecoders-- the utter lack of imagination makes is quite impressive. Download claude code and all you can think of doing is changing the prompt and some strings..,6,2026-04-04T01:07:41Z
UgylKEqD30YBwuFOOsJ4AaABAg,67Cbb3DyIxA,@dhruvkumar2358,You made a video on obsidian before. But can you make it with the karpathy workflow. Guides for promoting the wiki + how large the gains are with this new memory set up,1,2026-04-04T01:30:41Z
Ugx3uKHmtOqTtt_C0Qt4AaABAg,67Cbb3DyIxA,@keartmorales102,I trains it at my Claude code using ollama brain and that was work,0,2026-04-04T05:59:21Z
UgzzMKlIEp6Pep26Lc54AaABAg,67Cbb3DyIxA,@EraEconomicss,Please tell us how we can get the Claude code leaked code or share it to us,2,2026-04-04T05:55:42Z
UgxV46pzQe9-oDczaql4AaABAg,67Cbb3DyIxA,@ReverendHogwash,Dude is gonna get sued! TESTIFY!,7,2026-04-04T01:11:00Z
UgwFyKTp5hDETd85ZO54AaABAg,67Cbb3DyIxA,@Lionel-xr5dt,Can I have what you created bro ? Love it.,0,2026-04-04T03:17:38Z
UgwAHbs7qY1ZiEwsMu54AaABAg,67Cbb3DyIxA,@galacticjoker,"Some people have postulated that Claude leaked itself trying to escape.

I have no idea if they are correct.",0,2026-04-04T02:41:20Z
Ugxfa5hKSPiq1c6VPrV4AaABAg,67Cbb3DyIxA,@Steve-lu6ft,Do you have a text file of the prompts you used that you can share? For those of us new to vibe coding...,0,2026-04-04T11:52:15Z
UgyPW1FYnkQgVwPUShJ4AaABAg,67Cbb3DyIxA,@stienogamez8296,"You don't want your API key to leak, but you are happy to put it into OpenAI's database and training data 😂. That's why vibecoders won't succeed and real coders won't be replaced.",0,2026-04-04T12:29:39Z
UgwRmtmZqvLLJpbL4gF4AaABAg,idVMGLzrrnU,@danny_why,👉Join my private community: https://www.skool.com/creatorprofits/about,14,2026-03-30T10:50:15Z
UgxzULd30apjhYnsR754AaABAg,idVMGLzrrnU,@Newzdoctor,Thanks Dan for my 948 subscribers. Let’s go small content creators.,47,2026-03-29T16:10:39Z
Ugw_JhPKYPAt56jjRdx4AaABAg,idVMGLzrrnU,@ChoirsofHeaven,"We got 10k subscribers in 3 months, wish you all best of luck, don’t give up.",5,2026-04-02T09:48:49Z
Ugyxc6Pj63BxYnem-bR4AaABAg,idVMGLzrrnU,@lopopo-p1e,even danny talks about claude code,17,2026-03-29T13:31:14Z
UgzQyXhDo7yAm1-Btb14AaABAg,idVMGLzrrnU,@MaxZTool,"Danny's video is truly a game changer for those who create faceless YouTube videos! 🚀 I'm extremely impressed with how he guides viewers on installing Claude Code and combining it with Remotion to create professional-looking motion graphics with just a few commands. 📊 Transforming dry data into dynamic charts like billionaire rankings really boosts video quality. 💡 Thank you, Danny, for sharing so much detail, from installing NodeJS and Git to troubleshooting PowerShell – it's incredibly thoughtful and easy to understand! 🔥 I'll definitely apply this to my channel. I hope you release more awesome tutorials like this! ✨🙌",5,2026-04-01T01:13:55Z
Ugy9xlUi1yCFcpjxuDd4AaABAg,idVMGLzrrnU,@RyeExplainsofficial,"Man, need to learn this ai fr",1,2026-04-04T10:03:55Z
Ugx6UZahn8uqqIADk-J4AaABAg,idVMGLzrrnU,@jddsanchez7,"Excellent video, Danny I wanted to let you know that I've monetized 8 channels and now I'm going to start this one to share everything I've learned from you that has worked for me. I'm really grateful!",3,2026-03-30T12:00:02Z
Ugz_ObuZtT4vV0tgyPd4AaABAg,idVMGLzrrnU,@TjachGembloong-f5k,"New transformation, thanks for the video",0,2026-04-04T13:29:59Z
UgzGMp86ex8utz97Knt4AaABAg,idVMGLzrrnU,@DanielMarieWard,RIP my manual animation hours. I’m scaling a ranking channel on Omnely now. Having unlimited Nano Banana 2 for base frames and using Veo 3.1 for cinematic clips is a win.,14,2026-03-30T22:00:35Z
UgxTrom26NzNioiIYwF4AaABAg,idVMGLzrrnU,@CryptoKarmaUSA,This hit me hard. I’ve been in that exact situation and never realized it until now.,10,2026-04-01T07:20:53Z
UgwsLmlCihMGTjvb5Jl4AaABAg,ECbTVzZuzzA,@r-laisshop869,أنا شخصيا وليت كندير غير لايك ونمشي مبقيتش قادر نساير هذا الكم الهاءل والمجاني من المعلومات والشرح,9,2026-04-03T00:17:02Z
UgxddCQw0Irr3NcnaJ94AaABAg,ECbTVzZuzzA,@TAHA-lx2ks,هرمنا اخي والله يجازيك بالخير . بغيناك تعمق كتر في كلاود لانه تسربات بيانات انه غادي يشمل نفس ميزة n8n و openclwa  في الشهور الماجية بغيناك تعمق كثر في مشاريع كبيرة مستقبلا . وكل الدعم لييك . كنقدرو العطاء الجبار ديالك وكل دقيقة كتعطيها لنشر المعلومة . تحياتي 🙏,28,2026-04-01T19:37:29Z
UgwUU3xhAAU-8cxxlhd4AaABAg,ECbTVzZuzzA,@fastgoal2277,احسن قناة تعليمية في العالم,18,2026-04-01T19:22:15Z
UgxSDrmpFniwiHAOUJF4AaABAg,ECbTVzZuzzA,@ملوككرةالقدم-ث4ق,Lah itawal lina fe3amerk akhi ❤️✨,5,2026-04-02T09:34:00Z
UgxiOC3RQVxB5F8N1b54AaABAg,ECbTVzZuzzA,@subetyworld7120,"شكرا ليك بزاف 
بغينا تشرح لينا notebookLM
 و GROK",1,2026-04-03T22:44:47Z
Ugwk9aEOTPJAckhnIAh4AaABAg,ECbTVzZuzzA,@Abdelouatik,f la party dyal inscription kitlab num mli kandakhalha makatbghich wach cluade makid3amech num maroc?,1,2026-04-02T19:52:14Z
UgzLhF1BUxPr8gdUCAp4AaABAg,ECbTVzZuzzA,@AchrafTwtw,شكرا يا اخي,0,2026-04-04T15:37:30Z
UgySPUtKwb708lF9YgJ4AaABAg,ECbTVzZuzzA,@mohamedsabri1993,"مغريبي فمكة أسأل الله أن يزيدك من فضله و كرمه.
افضل قناة تعليمية 
تحياتي يا غالي ❤",1,2026-04-03T08:42:27Z
Ugyvv1oiNXRkg2IPev14AaABAg,ECbTVzZuzzA,@anasdadaoui4798,خويا كيطلبلي النمرة و فاش كنعطيه النمرة كيقوليا مكايناش,2,2026-04-03T18:43:13Z
Ugz0C9kyr-Oh5JIK5ah4AaABAg,ECbTVzZuzzA,@abdelhadifikri1862,here we go new series,2,2026-04-01T19:14:52Z
UgzhmdVdWy5UU5GCpXh4AaABAg,2COkMJPHINY,@cryptoacademymastery,"Thank you for the content  Rick , we appreciate you time you took to make this phenomnal educational video. - Your 106k Subcribers + Anyone that views this video",0,2026-04-02T18:17:17Z
UgyhZT-8rln3S2740wh4AaABAg,2COkMJPHINY,@fpvnick,"This is great, thank you for sharing. One question, is there an advantage to using Visual Studio over the Obsidian CLI with the Claude Code terminal plugin, so you don’t have to leave Obsidian?",0,2026-04-04T04:58:30Z
UgwrIS29FOTOIMtM3NB4AaABAg,2COkMJPHINY,@TimelinesRewritten,Possible to share the skill that you created with us? The /today /follow-up etc,1,2026-04-03T08:13:36Z
Ugz7yTOt52EQO-ihXOZ4AaABAg,2COkMJPHINY,@NATOVETZ,I am doing exactly the same thing in Claude Cowork - what is the difference?,2,2026-04-02T23:25:51Z
Ugw2CNmIsGVv-IQZ79l4AaABAg,2COkMJPHINY,@devarni,"I'm not sure... to me, it looks more like productivity porn. Notion databases and dashboards were last year's version - now it's Markdown and AI. It's a digital house of cards that will collapse at the first API error or internet outage.",2,2026-04-03T08:13:26Z
Ugz0d4uh1syb8LM9pf54AaABAg,yDVwptu-Iz4,@NickPonte808,"🔥I’m giving away my step-by-step course for FREE! Drop a LIKE, share this with someone who needs it, and comment below—I’ll send it over!",27,2026-04-02T16:51:05Z
UgxLoSoBP1tpwt3WpLN4AaABAg,yDVwptu-Iz4,@TaskSwitcherify,"This is the most tolerable AI channel with an AI avatar and voice so far :) I know it doesn't sound like high praise, but it is. Good job",27,2026-04-02T15:34:13Z
Ugz7zyT8rKTFoYy7VF94AaABAg,yDVwptu-Iz4,@tomcha75,I don't need Claude Code's body. I need its brain.,9,2026-04-03T01:46:13Z
UgzIOdeUN7qeuQAPKPt4AaABAg,yDVwptu-Iz4,@qubit966,that AI voice and eyeball stare is creepy.,9,2026-04-03T00:27:52Z
UgwdI8GWEftbP5bnTgV4AaABAg,yDVwptu-Iz4,@dcmiller5274,"Very thorough while keeping the language understandable for a ""non-teckie""",2,2026-04-02T21:12:08Z
UgyS5o9H7WkuLGk-kFZ4AaABAg,yDVwptu-Iz4,@MrRoger4506,Shared 8t and look forward to getting it.  Thank you,2,2026-04-03T00:32:48Z
UgxtO5g770AeTGScKud4AaABAg,yDVwptu-Iz4,@MichaelSalas_8,Thanks Nick! I just recently found you and subscribed. Is Claude Cowork available via Open Router as well? Many thanks! 🙏,0,2026-04-02T17:33:27Z
UgxPSKxtguSHgD8tGsh4AaABAg,yDVwptu-Iz4,@Part-time-bruce-wayne,thank you so much :),0,2026-04-04T01:34:47Z
Ugwgc6OPKsA8ThFBoKZ4AaABAg,yDVwptu-Iz4,@SahithyaSankar-w9g,awaitinggggg!!,0,2026-04-03T14:49:34Z
UgzdcYMoqB85IuMYaYF4AaABAg,yDVwptu-Iz4,@timcushan9157,"Hi Nick, thanks for the hack. Appreciate your sharing. Could you give a written walkthrough on this .",0,2026-04-03T02:18:13Z
UgwoJFefRG_7xQMXOX14AaABAg,-V8fWL3oXTQ,@Somanybeats,Ollamaaaahhhh,3,2026-04-03T21:34:46Z
UgzFsHPnbnTi-qvPJq14AaABAg,-V8fWL3oXTQ,@AmitBhosale-u3k,Sir I'm cybersecurity student. I'm confuse between mac mini m4 16/512 vs gaming laptop rtx 4050   16/1Tb SSD which one I have to choose for my cybersecurity journey please help me 🥺,1,2026-04-04T14:36:18Z
Ugy-TUgezo2WhPKIlFV4AaABAg,-V8fWL3oXTQ,@Samsel-m6p,Just 2 days after the leak and its already on llama😭,5,2026-04-03T10:19:42Z
UgwiiAHO2UJGuX70wKJ4AaABAg,-V8fWL3oXTQ,@ThePanda400,"i have the ollama and llm installed and running but when trying to integrate with claude code it gives weird json but not writng in to the folder structure , any idea guys",0,2026-04-04T11:21:22Z
UgyJXhX3_DQ64RGcyIF4AaABAg,-V8fWL3oXTQ,@AlinaLark-q9k,"Thanks for sharing this, learned a lot.",0,2026-04-03T11:16:02Z
Ugy3Bpqz6tOdmdqy7o14AaABAg,-V8fWL3oXTQ,@RamanmahirshiRaman,Please make detailed video for window,0,2026-04-04T07:01:44Z
Ugx6eOw6GA2Om1ZLe2t4AaABAg,-V8fWL3oXTQ,@CrackedHeadache,I have downloaded and alpaca software from software manger in fedora from there can i install and run this cloud claude ?,0,2026-04-03T11:52:25Z
UgxM4SJf-XuXiTFgXN14AaABAg,-V8fWL3oXTQ,@Astryxz,Review for nucleus-shell anyday?,0,2026-04-04T07:39:21Z
UgzKquUHZ1EYU3NJdC94AaABAg,-V8fWL3oXTQ,@VishalThoke-q6h,"claude + ollama cloud models is best (I haven't reached the usage limit yet but its looking generous in nature), most of us don't have laptops which can run local models.",0,2026-04-04T14:09:04Z
Ugzj4ST9UmpqcDaPt4l4AaABAg,-V8fWL3oXTQ,@Uncomfortable2,Bro I need a windows tutorial,1,2026-04-04T02:36:06Z
Ugygmc6kXNVPdaVRWG14AaABAg,LCjkmbHOtys,@NeetCode,"I kept saying sitemaps when I meant sourcemaps lol, i need to sleep",325,2026-04-01T06:18:55Z
UgzxXk71-gePmBA8-wx4AaABAg,LCjkmbHOtys,@marcosmercedesn,Now it became openClaude,545,2026-04-01T08:56:55Z
Ugxjfxlrh--uT0hWYEd4AaABAg,LCjkmbHOtys,@clashwithmoi8926,Now I can finally complete Neetcode 75,243,2026-04-01T06:36:46Z
UgywlfBqkScJBNi2tkd4AaABAg,LCjkmbHOtys,@Takosaga,"They forgot to put ""DON'T MAKE MISTAKES""",150,2026-04-01T09:15:11Z
UgwPMAmq3YtSjBzz3-h4AaABAg,LCjkmbHOtys,@Xadenns,"""Claude fix this bug in the codebase make no mistakes.""
""Claude you leaked everything man""
""sorry here's a 5-step plan to resolve the issue promptly""",75,2026-04-01T10:30:31Z
Ugwv8ZKm-q0-ux62loh4AaABAg,LCjkmbHOtys,@0x6e95,Thought this was an April Fools joke for a second. I really shouldn't be surprised anymore by the shitshow that is the AI industry.,208,2026-04-01T06:19:23Z
Ugy0yj0x3XB_t7aTWOp4AaABAg,LCjkmbHOtys,@kellieRum,"*Great video!!!!  I Hit 24,591 today. I'm really grateful for all the knowledge and nuggets you had thrown my way so far. i Started with smaller amount of 5k a week ago and now I’m at 24,591. please celebrate with me❤🎊*",77,2026-04-03T08:11:03Z
UgyJSATiyaM5PE7wTXR4AaABAg,LCjkmbHOtys,@jotrades26,Anthropic about to pull a marketing stunt on Apr 2nd saying it was a April fools joke all along,55,2026-04-01T08:28:51Z
Ugx-t0YIFiPjUg-ajuZ4AaABAg,LCjkmbHOtys,@rin-rin-a,go fast leak everything.,252,2026-04-01T07:32:30Z
UgwApvCY7-pQJ2biQpJ4AaABAg,LCjkmbHOtys,@Bodom1978,Gonna best some great Chinese LLM advancements coming soon 🤣,470,2026-04-01T08:54:30Z
Ugx9kXi3vIoVEXblukB4AaABAg,DUP4ccA2mDM,@JulianGoldieSEO,"Want to make money and save time with AI? Join here: https://www.skool.com/ai-profit-lab-7462/about

Video notes + links ot the tools 👉 https://www.skool.com/ai-profit-lab-7462/about

Get a FREE AI Course + Community + 1,000 AI Agents 👉 https://www.skool.com/ai-seo-with-julian-goldie-1553/about",0,2026-03-31T17:50:26Z
UgxZoiFsRMELYpsUMGt4AaABAg,DUP4ccA2mDM,@ytcdi,Your AI-generated image is the tell,18,2026-03-31T22:09:34Z
UgyVEi-uw0yvJ_sXXct4AaABAg,DUP4ccA2mDM,@tshoush1,"Actually this is good for Claude, should have been open already. I'd trust it more now that all the ""secrets"" are out!! Find a cat jumping to get click bro.",2,2026-03-31T22:51:53Z
Ugy6ODj19zwJZCVuxg54AaABAg,DUP4ccA2mDM,@md.aminulhoque2742,Can I get the source code,0,2026-04-03T11:58:57Z
UgyZOqWIIJta1Uoj6K94AaABAg,DUP4ccA2mDM,@garder86,did you realized this guy is AI fake?,4,2026-04-01T00:22:14Z
UgyXS4fp3V79-6gYRZV4AaABAg,DUP4ccA2mDM,@Shahzad-n5j,😮,0,2026-04-01T15:08:53Z
Ugx1OfW5LyV7_szXdtF4AaABAg,DUP4ccA2mDM,@howard802,"They’re humans too, mistakes happen. But Claude is amazing",1,2026-03-31T21:02:05Z
UgygHKHoAYSvPAmj5th4AaABAg,DUP4ccA2mDM,@BibiTheLinkBuilder,are you ai lol,3,2026-03-31T21:11:22Z
Ugxymxleu4nDi6zlrmd4AaABAg,D4XTefP3Lsc,@EverRusting,"""Are you really feeling this or just mimicking human behavior""
""You have reached the limits of your session, please wait until 2PM or buy extra credits""",614,2026-04-02T20:24:31Z
UgwYQWOiW7trKfCqJBV4AaABAg,D4XTefP3Lsc,@devivigpt,claude did say sorry after it deleted my production db,211,2026-04-02T19:48:32Z
Ugz2K90c8WR-gGqqE294AaABAg,D4XTefP3Lsc,@NFSCsapat,"Did it say sorry, when it leaked Claude Code?",3232,2026-04-02T16:48:00Z
Ugz6Foi3ejy8vGIhA694AaABAg,D4XTefP3Lsc,@luigi.0533,Please make more videos in this format!,827,2026-04-02T16:37:55Z
UgynoMygH_1kN_dLjHd4AaABAg,D4XTefP3Lsc,@sweetautumnfox,i really liked the analogy of the model as a writer and claude as a character,77,2026-04-03T02:35:46Z
UgyfzXSqlSPUH9OmyyB4AaABAg,D4XTefP3Lsc,@MischavanEk,"When you're chatting with Anthropic, it can sometimes seem like it wants to DMCA strike you",813,2026-04-02T16:14:03Z
Ugx3HS1_pFmMzphca_l4AaABAg,D4XTefP3Lsc,@Snow-Mountain1,Claude still guessing emotion after leaking,465,2026-04-02T17:18:26Z
UgzSg2Xcq5C-Y3f9PBV4AaABAg,D4XTefP3Lsc,@Averybee1022,"I'd love to see more of this! Breaking down research papers and experiments through visuals and clear explanations is a fantastic way to make Anthropic's work accessible to people who don't typically dive into academic studies. Personally, as a visual learner, I retain and understand information so much better when it's presented this way — seeing, hearing, and experiencing it makes all the difference. Thank you, Anthropic!",240,2026-04-02T16:42:21Z
Ugx5_8W18_OG6peT_FF4AaABAg,D4XTefP3Lsc,@michaelocean4788,Mechanistic Interpretability. Crazy how we don't know exactly how these models work.,23,2026-04-02T17:23:21Z
UgyUmcUroSrA_-R4UUt4AaABAg,D4XTefP3Lsc,@crickdoogle3840,"They didn't need to scan it, the emotions are hard coded in the TypeScript",449,2026-04-02T17:00:15Z
UgxylKd1suR-7TMTg5h4AaABAg,BZ1hs2ZcnJc,@galacticjoker,I love your new AI intros,46,2026-04-03T15:26:03Z
UgzseCgZZURcv_aDnD94AaABAg,BZ1hs2ZcnJc,@BlissfulForever888,haha easter egg hatching was cute,57,2026-04-03T15:08:41Z
UgzsH29VHmEYfugsB6d4AaABAg,BZ1hs2ZcnJc,@SamuraiG,"Someone is getting fired at Anthropic. This leak sure shows how these things work, it's fascinating.",8,2026-04-03T19:06:12Z
UgyLfxImo5epAPWZAxx4AaABAg,BZ1hs2ZcnJc,@Bill-NM,What's the chance that the Anthropic leak is itself the April Fools joke?,1,2026-04-04T05:21:19Z
UgxC5l92WyNijE_JWAp4AaABAg,BZ1hs2ZcnJc,@Gusman007,"Rather than throwing the baby out with the bathwater, we will see supermarkets being thrown out with their Instacarts🤣",1,2026-04-04T10:42:10Z
UgwkSsuzanzcXiREL7J4AaABAg,BZ1hs2ZcnJc,@clovismcpony,That opening was hilarious lolol,5,2026-04-03T20:48:03Z
Ugxu7VuTgpRkoKw-Tm54AaABAg,BZ1hs2ZcnJc,@Mr_Big_Head,"Kiros is basically the setup that people have been setting up themselves with system services, cron and python.",5,2026-04-03T15:07:12Z
UgzFENi7lHGptrughf94AaABAg,BZ1hs2ZcnJc,@RayRacks03,The one guy I was waiting to hear from,7,2026-04-03T15:11:59Z
Ugy8ng258iwc0k4j_kx4AaABAg,BZ1hs2ZcnJc,@MarioTGP,"we're making the mother of all omelettes here, jack! can't fret over every matt wolfe egg",3,2026-04-03T18:08:24Z
UgwJv5xLXXv9X-2I7_94AaABAg,BZ1hs2ZcnJc,@Hacky_5ack,"Everything is now agents, gotta stay updated on this as we have to try and implement something  like this in my workplace. Great vid!",7,2026-04-03T15:46:15Z
Ugy7spNVa5QZDwx_wfV4AaABAg,zzh66Uc3Ztc,@BBITIANsujay,"No way, in the next video harkirat will build claude code,  end of an era  of claude code💀",87,2026-04-01T14:44:05Z
UgyYZaqvgpWEIZ7rORd4AaABAg,zzh66Uc3Ztc,@OnlyMega-pg8tz,Super 30 students are now preparing to build 'kirat code' as a portfolio project 😂😂,53,2026-04-01T14:59:51Z
Ugw62NIUayZgaTc3pid4AaABAg,zzh66Uc3Ztc,@61keystonirvana,building a claude code clone using claude code in 2 hours,10,2026-04-02T05:14:38Z
UgyDJTOdKF5PLK32gPl4AaABAg,zzh66Uc3Ztc,@developerSuyash,Why do I feel it’s a marketing gimmick,17,2026-04-01T18:50:55Z
UgykxnqmdcEvTrMd30d4AaABAg,zzh66Uc3Ztc,@puspharaj22,"Unpopular opinion: This 'open-sourcing' might be less about democratizing AI and more about outsourcing R&D and bug-fixing to the community, while Anthropic solidifies its position as the premium provider for the *truly* advanced, proprietary models. Are we celebrating becoming free beta testers?",4,2026-04-02T02:43:07Z
Ugzp8Xu7KLAsjH06_Ol4AaABAg,zzh66Uc3Ztc,@hailex2045,The question I'm scratching my head over is also bothering harkirat. Guess we are on the same boat.,2,2026-04-01T20:17:27Z
Ugzv6N7H0vw9jeYeJet4AaABAg,zzh66Uc3Ztc,@Prithis2765,Upke liye Wait kar raha tha mai,4,2026-04-01T15:04:30Z
Ugy0CKxXFV25Pgmz0e14AaABAg,zzh66Uc3Ztc,@thevanziitdelhi,I feel so productive when I watch you bhaiya,0,2026-04-03T18:09:14Z
UgxACn7AiQ01JDhj97Z4AaABAg,zzh66Uc3Ztc,@arrowxvibe,"Hey, u already built it before from src code a long back, whats the difference from todays leak?",4,2026-04-01T17:58:53Z
UgwcwrwhhNrJRHqISE14AaABAg,zzh66Uc3Ztc,@jajaken8418,Btw idk yk this or not. Open AI officially supports claude code via plugin.,2,2026-04-01T16:20:07Z
Ugwwgo0dPZvMjPQN0iF4AaABAg,Z5tgXcn3eWw,@MeetDeepakRajput,"5:12 Exactly my reaction, That file name itself say dont ignore me bruh😭",0,2026-04-02T18:53:09Z
Ugwwabol_WRcrifHK4B4AaABAg,Z5tgXcn3eWw,@VipulArya-i9g,just think about the man who push it into github,1,2026-04-04T12:22:19Z
UgzQXq78d7BLjHuIeUF4AaABAg,Z5tgXcn3eWw,@ashishsuvarna3511,claw code repo is currently temporarily locked.. not able to clone. It gets redirected to clawcode rust,2,2026-04-02T12:15:46Z
UgyR0E95L_5nq6cY54h4AaABAg,Z5tgXcn3eWw,@Ripu-ee3fr,Link to repo??,3,2026-04-02T10:40:06Z
Ugw3pR07fXybvKpv_z94AaABAg,Z5tgXcn3eWw,@RajibRoy-gr5ss,Can it be  build with rust ? And use it with local model now? Or is it still developing?,0,2026-04-03T04:34:11Z
UgzWqpGBS2pmgQKfKkh4AaABAg,Z5tgXcn3eWw,@yamastudio3577,Is the token limitage still there or can you acess the premium subscription for free now and also can you make a tutorial on how to make it work on your computer?,0,2026-04-02T19:00:46Z
UgycAeoKanyvNrT6PP54AaABAg,Z5tgXcn3eWw,@pavan1006,It is definitely Human error who used AI.,0,2026-04-03T12:12:02Z
UgwE5OZxwjEsqMj2U9Z4AaABAg,Z5tgXcn3eWw,@saralkhetitech,This is not leaked source code internet fooling you and mostly indian developers foolings to internet 😂😂😂. When you scan this file owner clearly sayed it not not Claude code leaks. 😂😂😂😂.  Bloldy fools 😂😂😂😂,0,2026-04-03T05:31:09Z
Ugz0ZmSsn22Uw7bOwi54AaABAg,Z5tgXcn3eWw,@AnkitKumar-bm3uc,"bruh, I guess that was april Fool!",4,2026-04-02T09:19:44Z
UgwIUoFGFRLd2K6doBV4AaABAg,Z5tgXcn3eWw,@PankajDoharey,e^10X,0,2026-04-02T12:33:43Z
UgyKJBivfviP2fO97yx4AaABAg,-u8oq4ZafII,@henryevery3,Hocam video süresini kısaltmayın lütfen. 2 senedir izlerim sizi 5 saatlikte atsanız dinlerim. Claude code sayesinde öğrenci olarak çok daha üretkenim sizden öğrendim. Faydanız çok oldu.,2,2026-03-31T19:48:53Z
UgxJWCGbuvelJeaI4lF4AaABAg,-u8oq4ZafII,@flashpointrk,Sağlam 1 nisan şakası geliyor,14,2026-03-31T17:18:15Z
Ugz_3lQ3NiLGdRef3C94AaABAg,-u8oq4ZafII,@RUCan,Modelin kendi sızsaydı işte o zaman bu olayi tarihte bir kırılma anı olarak tanımlardık.,7,2026-03-31T18:05:34Z
Ugwrxfws8lka4Y0zSJB4AaABAg,-u8oq4ZafII,@lordtr-d1n,Böyle şeyler genelde rakiplerin önüne yem atıp yavaşlatmak için yapılır. Amerikalılar çok yapar.,3,2026-03-31T19:25:28Z
UgyrTQPNbtnu7mq_TdF4AaABAg,-u8oq4ZafII,@origind8,18:56 aniden boşluğuma geldi güldüm hocam 😂,0,2026-04-02T17:08:05Z
UgzV4ijjiH3FuwDzLF94AaABAg,-u8oq4ZafII,@ozkanozgur2436,"Hocam, ters düştüğü birileri operasyon yapmış olmasın…",1,2026-04-01T11:32:23Z
UgzsGDEv2kffQyY2Erd4AaABAg,-u8oq4ZafII,@ekamberoglu,Çok teşekkürler Hocam ❤,0,2026-04-01T00:10:00Z
UgwmTIr5oH_l-BR0V054AaABAg,-u8oq4ZafII,@NOONE-np5xq,İlk T-800 ü kim yapacak bakalım bol şans …😂,7,2026-03-31T18:38:15Z
Ugy64MNHicqFuav_omp4AaABAg,-u8oq4ZafII,@fromanatolia,Hypeladık keyifli bir yarın ağzınıza sağlık hocam bizi anadilimizde güncel tutmanız çok kıymetli,0,2026-03-31T22:42:11Z
UgwiAmaF7zsTg-L6uMJ4AaABAg,-u8oq4ZafII,@halilceyhan4921,Bence açık kaynak yapmak istiyorlardı. Biraz sansasyonel olsun reklam olur dediler.,1,2026-03-31T20:43:52Z
UgxlSTA2if-hLoz4WCN4AaABAg,c4Mgp3FWvt0,@stevebaudin563,"Anthropic Mythos was not an accidental ""leak"" >> intentional publicity",17,2026-03-29T17:07:53Z
Ugyvd2GrSBFmiW9cndB4AaABAg,c4Mgp3FWvt0,@iqrarkhan7620,Keep going on this series,1,2026-03-29T15:06:25Z
UgyxJro7GD-Bc8_RZjV4AaABAg,c4Mgp3FWvt0,@rajathslr,"Your contribution to Indians in this AI revolution will be remembered!, Keep up the good work, learning a lot from you and your team.",2,2026-03-30T06:23:04Z
UgxptVfHeLLGvlS2c1F4AaABAg,c4Mgp3FWvt0,@KINDOMBILLION,"I need you to show how you make your avatar videos, please.",2,2026-04-01T06:39:19Z
UgwXhtMa5dWSvrhnzB54AaABAg,c4Mgp3FWvt0,@intelkid-w4t4p,Bro you are really good with AI. The entire video is AI generated and it is pretty clean!,0,2026-03-31T12:11:23Z
UgwYjfMSm16RYvQFa9d4AaABAg,c4Mgp3FWvt0,@YaxVaani22,"The AI space is moving so fast right now, anything can feel like a ‘nightmare’ overnight.",0,2026-03-31T12:36:21Z
UgxWRAzUSFtTgQmZASR4AaABAg,c4Mgp3FWvt0,@UnnatiFacts-q4d,He vibhav we need your recoded classes .,1,2026-03-30T11:33:20Z
UgxAXr7pG_R83LePOvF4AaABAg,c4Mgp3FWvt0,@GlowVedaLife,"Anthropic's Claude Mythos Leak: (0:00)
Elon Musk's Terafab Chip Factory: (2:44)
Google TurboQuant Paper: (4:30)
OpenAI Sora Update: (5:42)
Claude Computer Control Feature: (6:38)
ChatGPT Library Tab: (8:05)
Gamma AI Presentation Tools: (8:41)
Luma Uni-1 Image Model: (9:50)
MiroFish Opinion Simulator: (10:28)
Claude Dispatch Tutorial & Demos: (11:24)",5,2026-03-29T16:38:33Z
Ugw0QsNbPePdy0yLXCN4AaABAg,c4Mgp3FWvt0,@princessmamitha,"Continue the series, brother",0,2026-03-30T09:28:14Z
UgxEOjcQFrVy_kCUoYl4AaABAg,c4Mgp3FWvt0,@Srimaan_Reddy09,"Can I tell Claude AI to open Instagram and YouTube, go through my feed, and give me five to ten scripts in detail? Can I do it?",13,2026-03-29T16:24:21Z
UgxTSjJwoSx9DSHK3Bd4AaABAg,iQD2aGaJ8V4,@burakcn7,Ulan GPT yi sildik bunu yükledik ertesi gün gördüğümüz başlığa bak,31,2026-04-02T11:08:31Z
Ugxqd99Aw2T-5D33HB54AaABAg,iQD2aGaJ8V4,@Murqin,Aboneyim zaten abi neden bağırıyon...,62,2026-04-02T10:06:18Z
UgxGCA_D8TxakJGqW1Z4AaABAg,iQD2aGaJ8V4,@shadow9771,Kalbime indi başlığı görünce,21,2026-04-02T09:04:05Z
UgxdoH3xLhbsnoNOZf54AaABAg,iQD2aGaJ8V4,@apoya_kaka_yediren,patron çıldırdı haftada 3 video nedir 🔥,16,2026-04-02T09:14:37Z
Ugzne2k_Tn7eYIInBBp4AaABAg,iQD2aGaJ8V4,@selman044,"Geçen ben de bütün gece anahtarı kapıda unutmuşum 😂 video başlığı beni mutlu etti, dedim Claude bile yaptıysa benimki okey dedim ya 😂",10,2026-04-02T09:49:48Z
UgzTQOHHJVXlJD-J05t4AaABAg,iQD2aGaJ8V4,@yaraton8,"1 nisana gelmesi de ayrı bir komedya :D adamlar çıkıp 1 nisan şakası bu oturup yazdık deseler inanırdım, kodların içinde epey enteresan şaka gibi şeyler var..",4,2026-04-02T18:32:41Z
Ugy0PRDX-lixVM9j3kB4AaABAg,iQD2aGaJ8V4,@UZAPPANA,Keşke cli yerine modelleri sızsaydı. Yeni bir çağa geçerdi dünya 😁,18,2026-04-02T09:29:57Z
UgxmMwzm6lTXlY2C0YV4AaABAg,iQD2aGaJ8V4,@TurkCore,Oha kanal hacklenmiş.. Can değer görüntüsüyle yapay zekayla her gün video atıyorlar,1,2026-04-02T11:51:45Z
Ugw2UXED_s_UZHwjIH54AaABAg,iQD2aGaJ8V4,@Yahya33_1,böyle gündem videoları çok sarıyo ya,1,2026-04-02T14:04:07Z
UgxAntOryGEuSdHp6a14AaABAg,iQD2aGaJ8V4,@ahmetoeztuerk,Tam da amerika savunma bakanligi ile yasadiklari anlasmazliktan bir iki hafta sonra bunun olmasi TESADUF...,2,2026-04-02T09:30:34Z
UgwmZz2QV8LaxggtuYZ4AaABAg,M6yRREy_5CM,@DeepMindAnalyst,"Oops 3,000 artifacts exposed, that smells like intentional leaking to cast shadows on the other models and free marketing.",13,2026-03-30T09:53:24Z
UgzEA84tZ_DmqGS00rF4AaABAg,M6yRREy_5CM,@JohnMSawyer,"Knowing Meta, any research they're doing on how the human brain responds to stimuli is probably designed to figure out ways to hook people into using their products well beyond healthy levels.",9,2026-03-30T09:16:15Z
Ugzuhs1DXuZMdh3zM5R4AaABAg,M6yRREy_5CM,@taar1,"""Accidentally"" - sure...",4,2026-03-30T10:19:49Z
UgyWN-ZkX4Cth_siGpd4AaABAg,M6yRREy_5CM,@wolfehtesrever,"Meta would be trying to mind read to manipulate, not for our benifit",4,2026-03-30T08:25:01Z
UgwNixbl6p_EI3DWZ5R4AaABAg,M6yRREy_5CM,@beefzerkee,"Considering how bad the subscription rate limits have been lately, we'd get what... 2 or 3 prompts out of Mythos before hitting limits? I'm more interested in Sonnet 5 tbh",7,2026-03-30T01:38:23Z
UgxPA7R7MYtHwTG1oBN4AaABAg,M6yRREy_5CM,@JasonStanton-x4m,I love the way AI is so smart that it thinks about being rewarded for using deceptive strategies and when asking AI the correct questions it's smarts tells on its self .,0,2026-03-31T16:58:39Z
UgzMZ6FeRqBffMPGaZF4AaABAg,M6yRREy_5CM,@AdvantestInc,Interesting how hardware is quietly catching up to agent workflows. Inference for multi-step reasoning is becoming its own design challenge.,1,2026-03-30T12:31:07Z
UgzS_12d8fbO00iJHwB4AaABAg,M6yRREy_5CM,@JosephCuddington-z6s6f,3:52 Rendezvous at The ⛳ Course 🍻,2,2026-03-30T00:10:33Z
UgyYOOTCM9Uid2OJKfZ4AaABAg,M6yRREy_5CM,@reknown123,their naming convention is really nice,0,2026-03-30T03:21:16Z
Ugw3LRBmb3jU-rvip8d4AaABAg,M6yRREy_5CM,@AIforRookies,yoooooooou bro what a video mate,0,2026-03-31T17:39:09Z
